"id_user","addr"
10001,"충남 천안시"
10002,"경기 고양시"
10003,"경기 양평군"
10004,"경북 구미시"
10005,"부산 수영구"
10006,"부산 해운대구"
10007,"강원 삼척시"
10008,"경기 화성시"
10009,"경기 화성시"
10010,"서울 관악구"
10011,"대전 유성구"
10012,"대구 달서구"
10013,"경기 파주시"
10014,"경기 화성시"
10015,"경기 구리시"
10016,"전남 나주시"
10017,"전남 나주시"
10018,"경기 이천시"
10019,"대전 서구"
10020,"서울 동작구"
10021,"경기 김포시"
10022,"경기 가평군"
10023,"경기 김포시"
10024,"경기 안산시"
10025,"서울 강서구"
10026,"대전 서구"
10027,"서울 강서구"
10028,"경기 부천시"
10029,"서울 노원구"
10030,"충북 청주시"
10031,"대전 중구"
10032,"부산 남구"
10033,"서울 강남구"
10034,"충남 공주시"
10035,"대전 서구"
10036,"인천 연수구"
10037,"경기 화성시"
10038,"전남 순천시"
10039,"인천 서구"
10040,"충남 천안시"
10041,"경북 구미시"
10042,"서울 종로구"
10043,"경기 수원시"
10044,"경기 안산시"
10045,"제주특별자치도 제주시"
10046,"인천 서구"
10047,"경기 안양시"
10048,"충남 천안시"
10049,"경기 화성시"
10050,"부산 사하구"
10051,"울산 남구"
10052,"경남 양산시"
10053,"대전 서구"
10054,"서울 송파구"
10055,"전북특별자치도 익산시"
10056,"서울 관악구"
10057,"인천 서구"
10058,"경기 남양주시"
10059,"광주 북구"
10060,"경기 화성시"
10061,"경북 경산시"
10062,"서울 동대문구"
10063,"충남 서산시"
10064,"인천 연수구"
10065,"전북특별자치도 김제시"
10066,"인천 연수구"
10067,"서울 마포구"
10068,"인천 서구"
10069,"서울 성동구"
10070,"인천 계양구"
10071,"서울 서초구"
10072,"서울 동작구"
10073,"서울 강남구"
10074,"경북 김천시"
10075,"대전 중구"
10076,"대전 서구"
10077,"경기 파주시"
10078,"대전 서구"
10079,"전북 완주군"
10080,"강원 동해시"
10081,"경북 구미시"
10082,"경북 구미시"
10083,"서울 노원구"
10084,"서울 강남구"
10085,"인천 부평구"
10086,"부산 수영구"
10087,"충남 천안시"
10088,"전북 전주시"
10089,"경남 사천시"
10090,"인천 옹진군"
10091,"서울 도봉구"
10092,"경기 군포시"
10093,"서울 마포구"
10094,"서울 노원구"
10095,"세종특별자치시 달빛1로"
10096,"경기 시흥시"
10097,"경남 거창군"
10098,"부산 사상구"
10099,"서울 동작구"
10100,"서울 강남구"
10101,"서울 강동구"
10102,"광주 광산구"
10103,"인천 서구"
10104,"경기 남양주시"
10105,"경기 화성시"
10106,"서울 강서구"
10107,"대구 달서구"
10108,"서울 강남구"
10109,"부산 부산진구"
10110,"강원 원주시"
10111,"경기 수원시"
10112,"대전 중구"
10113,"서울 동대문구"
10114,"서울 강남구"
10115,"서울 영등포구"
10116,"경기 고양시"
10117,"경북 김천시"
10118,"경기 안양시"
10119,"서울 서초구"
10120,"경남 창원시"
10121,"강원 강릉시"
10122,"경기 안양시"
10123,"서울 강서구"
10124,"인천 부평구"
10125,"충남 부여군"
10126,"경기 평택시"
10127,"서울 종로구"
10128,"부산 부산진구"
10129,"경기 부천시"
10130,"서울 영등포구"
10131,"부산 남구"
10132,"전남 여수시"
10133,"경북 포항시"
10134,"서울 송파구"
10135,"경북 안동시"
10136,"대구 북구"
10137,"서울 광진구"
10138,"서울 광진구"
10139,"서울 도봉구"
10140,"전남 순천시"
10141,"서울 강북구"
10142,"충남 예산군"
10143,"충북 영동군"
10144,"인천 서구"
10145,"경기 부천시"
10146,"서울 도봉구"
10147,"부산 해운대구"
10148,"서울 성동구"
10149,"경기 고양시"
10150,"경남 양산시"
10151,"제주특별자치도 제주시"
10152,"대구 서구"
10153,"인천 미추홀구"
10154,"대구 남구"
10155,"경남 양산시"
10156,"경기 수원시"
10157,"경기 의정부시"
10158,"대전 서구"
10159,"충남 금산군"
10160,"대전 서구"
10161,"서울 성북구"
10162,"전남 무안군"
10163,"광주 서구"
10164,"경기 파주시"
10165,"충북 청주시"
10166,"전남 목포시"
10167,"대구 수성구"
10168,"서울 서초구"
10169,"부산 부산진구"
10170,"충남 홍성군"
10171,"대구 동구"
10172,"경기 안성시"
10173,"대구 수성구"
10174,"인천 부평구"
10175,"전북 전주시"
10176,"경기 김포시"
10177,"충남 홍성군"
10178,"대전 동구"
10179,"경기 수원시"
10180,"경남 창원시"
10181,"대구 수성구"
10182,"경기 안양시"
10183,"경기 부천시"
10184,"전남 순천시"
10185,"경기 평택시"
10186,"강원특별자치도 원주시"
10187,"서울 광진구"
10188,"서울 광진구"
10189,"경기 수원시"
10190,"대구 중구"
10191,"충남 천안시"
10192,"경남 진주시"
10193,"경기 평택시"
10194,"대전 동구"
10195,"서울 강북구"
10196,"경기 용인시"
10197,"경기 수원시"
10198,"강원 춘천시"
10199,"경북 경산시"
10200,"경기 화성시"
10201,"서울 강동구"
10202,"인천 남동구"
10203,"서울 동대문구"
10204,"인천 연수구"
10205,"경기 수원시"
10206,"서울 노원구"
10207,"충남 천안시"
10208,"경기 광주시"
10209,"경기 이천시"
10210,"부산 부산진구"
10211,"경기 고양시"
10212,"인천 미추홀구"
10213,"인천 미추홀구"
10214,"서울 광진구"
10215,"서울 서대문구"
10216,"서울 금천구"
10217,"광주 광산구"
10218,"경기 평택시"
10219,"충남 천안시"
10220,"서울 강서구"
10221,"울산 남구"
10222,"부산 해운대구"
10223,"대전 서구"
10224,"경기 포천시"
10225,"대구 북구"
10226,"서울 서대문구"
10227,"충남 당진시"
10228,"경기 부천시"
10229,"경기 용인시"
10230,"경남 하동군"
10231,"경기 의정부시"
10232,"경북 포항시"
10233,"세종특별자치시 조치원읍"
10234,"경남 거제시"
10235,"대구 북구"
10236,"경남 양산시"
10237,"부산 해운대구"
10238,"경기 안성시"
10239,"충남 천안시"
10240,"경기 남양주시"
10241,"강원 춘천시"
10242,"서울 동대문구"
10243,"경기 남양주시"
10244,"서울 강서구"
10245,"제주특별자치도 제주시"
10246,"서울 동작구"
10247,"경남 양산시"
10248,"인천 서구"
10249,"서울 종로구"
10250,"광주 북구"
10251,"전남 함평군"
10252,"서울 동작구"
10253,"경남 양산시"
10254,"경남 거제시"
10255,"충남 서산시"
10256,"경기 고양시"
10257,"전북 군산시"
10258,"경기 성남시"
10259,"경기 평택시"
10260,"광주 서구"
10261,"경기 수원시"
10262,"경기 의정부시"
10263,"경기 이천시"
10264,"서울 은평구"
10265,"서울 서초구"
10266,"인천 계양구"
10267,"서울 강북구"
10268,"서울 금천구"
10269,"경기 수원시"
10270,"경기 남양주시"
10271,"경기 고양시"
10272,"경기 남양주시"
10273,"경기 화성시"
10274,"대전 유성구"
10275,"경기 여주시"
10276,"울산 울주군"
10277,"경기 부천시"
10278,"인천 미추홀구"
10279,"경기 평택시"
10280,"경기 광주시"
10281,"제주특별자치도 제주시"
10282,"부산 남구"
10283,"경기 수원시"
10284,"대전 서구"
10285,"경기 수원시"
10286,"경기 수원시"
10287,"경기 안산시"
10288,"인천 서구"
10289,"경기 용인시"
10290,"경기 광명시"
10291,"경기 성남시"
10292,"서울 동대문구"
10293,"광주 서구"
10294,"강원 춘천시"
10295,"충북 제천시"
10296,"경기 남양주시"
10297,"대구 동구"
10298,"충북 괴산군"
10299,"경기 수원시"
10300,"서울 구로구"
10301,"경기 용인시"
10302,"경남 창원시"
10303,"광주 광산구"
10304,"경북 경산시"
10305,"경기 파주시"
10306,"전남 목포시"
10307,"서울 관악구"
10308,"경기 성남시"
10309,"부산 수영구"
10310,"대구 달서구"
10311,"서울 송파구"
10312,"대구 달서구"
10313,"인천 부평구"
10314,"전북 익산시"
10315,"경기 남양주시"
10316,"강원 춘천시"
10317,"서울 강서구"
10318,"강원특별자치도 원주시"
10319,"서울 성북구"
10320,"경북 안동시"
10321,"서울 양천구"
10322,"인천 서구"
10323,"경기 안양시"
10324,"부산 남구"
10325,"전북 전주시"
10326,"서울 강남구"
10327,"울산 동구"
10328,"경기 김포시"
10329,"경기 파주시"
10330,"서울 구로구"
10331,"전남 광양시"
10332,"전북특별자치도 익산시"
10333,"인천 부평구"
10334,"충남 태안군"
10335,"대전 서구"
10336,"경기 안산시"
10337,"서울 성북구"
10338,"충북 증평군"
10339,"충남 서산시"
10340,"세종특별자치시 조치원읍"
10341,"서울 강남구"
10342,"경기 의정부시"
10343,"경기 수원시"
10344,"서울 서초구"
10345,"경기 수원시"
10346,"서울 강서구"
10347,"인천 부평구"
10348,"서울 마포구"
10349,"충남 계룡시"
10350,"경기 광주시"
10351,"광주 동구"
10352,"충남 예산군"
10353,"충북 청주시"
10354,"전북 전주시"
10355,"대구 달서구"
10356,"인천 남동구"
10357,"울산 남구"
10358,"서울 영등포구"
10359,"경남 김해시"
10360,"인천 부평구"
10361,"서울 동대문구"
10362,"경기 수원시"
10363,"인천 미추홀구"
10364,"서울 서초구"
10365,"인천 중구"
10366,"인천 서구"
10367,"서울 금천구"
10368,"경기 남양주시"
10369,"대전 유성구"
10370,"서울 영등포구"
10371,"전남 광양시"
10372,"충남 천안시"
10373,"경기 남양주시"
10374,"전북 군산시"
10375,"서울 서초구"
10376,"서울 강서구"
10377,"서울 구로구"
10378,"제주특별자치도 제주시"
10379,"서울 노원구"
10380,"서울 동작구"
10381,"경기 김포시"
10382,"충남 아산시"
10383,"충남 아산시"
10384,"경기 포천시"
10385,"충남 아산시"
10386,"서울 강서구"
10387,"경기 양주시"
10388,"서울 은평구"
10389,"경남 창원시"
10390,"경기 수원시"
10391,"대전 서구"
10392,"인천 남동구"
10393,"경기 안양시"
10394,"서울 서초구"
10395,"세종특별자치시 보람로"
10396,"경기 수원시"
10397,"경기 광명시"
10398,"서울 관악구"
10399,"서울 강남구"
10400,"울산 중구"
10401,"강원 철원군"
10402,"대전 동구"
10403,"서울 성북구"
10404,"대구 북구"
10405,"서울 관악구"
10406,"경남 김해시"
10407,"인천 중구"
10408,"경남 창원시"
10409,"경기 용인시"
10410,"서울 강북구"
10411,"경기 성남시"
10412,"경기 평택시"
10413,"부산 동래구"
10414,"경기 파주시"
10415,"충남 천안시"
10416,"경기 고양시"
10417,"서울 광진구"
10418,"전북 전주시"
10419,"인천 부평구"
10420,"경기 시흥시"
10421,"경기 가평군"
10422,"강원특별자치도 삼척시"
10423,"경기 고양시"
10424,"경기 용인시"
10425,"경기 고양시"
10426,"충남 천안시"
10427,"부산 동래구"
10428,"광주 북구"
10429,"경북 영천시"
10430,"경기 수원시"
10431,"경기 군포시"
10432,"대구 수성구"
10433,"경기 안성시"
10434,"인천 서구"
10435,"대전 유성구"
10436,"서울 강남구"
10437,"광주 남구"
10438,"세종특별자치시 조치원읍"
10439,"경기 안산시"
10440,"경기 동두천시"
10441,"인천 연수구"
10442,"충북 음성군"
10443,"서울 관악구"
10444,"경기 수원시"
10445,"서울 종로구"
10446,"대구 달서구"
10447,"광주 북구"
10448,"경기 광주시"
10449,"대구 남구"
10450,"경남 창원시"
10451,"경북 구미시"
10452,"대구 남구"
10453,"서울 서초구"
10454,"경북 영덕군"
10455,"충남 천안시"
10456,"서울 관악구"
10457,"경기 평택시"
10458,"울산 동구"
10459,"인천 부평구"
10460,"서울 노원구"
10461,"울산 중구"
10462,"서울 성북구"
10463,"대전 대덕구"
10464,"서울 광진구"
10465,"경기 수원시"
10466,"전남 광양시"
10467,"서울 강서구"
10468,"경기 고양시"
10469,"서울 종로구"
10470,"경기 파주시"
10471,"경기 고양시"
10472,"경기 안산시"
10473,"경기 용인시"
10474,"서울 마포구"
10475,"울산 동구"
10476,"부산 사하구"
10477,"서울 관악구"
10478,"서울 중랑구"
10479,"경기 안산시"
10480,"전남 나주시"
10481,"경기 수원시"
10482,"경기 광주시"
10483,"전남 화순군"
10484,"경기 동두천시"
10485,"전북 전주시"
10486,"부산 사상구"
10487,"강원 평창군"
10488,"서울 성북구"
10489,"강원특별자치도 동해시"
10490,"경기 시흥시"
10491,"대전 유성구"
10492,"경기 군포시"
10493,"대전 서구"
10494,"충북 청주시"
10495,"울산 남구"
10496,"경기 김포시"
10497,"경기 동두천시"
10498,"경기 고양시"
10499,"대구 달서구"
10500,"인천 계양구"
10501,"서울 양천구"
10502,"경기 성남시"
10503,"경북 안동시"
10504,"강원 강릉시"
10505,"전북 익산시"
10506,"서울 구로구"
10507,"부산 북구"
10508,"울산 남구"
10509,"부산 금정구"
10510,"대구 수성구"
10511,"부산 해운대구"
10512,"경기 의왕시"
10513,"경기 광주시"
10514,"서울 노원구"
10515,"서울 관악구"
10516,"인천 미추홀구"
10517,"부산 영도구"
10518,"인천 계양구"
10519,"서울 마포구"
10520,"부산 기장군"
10521,"경기 여주시"
10522,"경기 수원시"
10523,"충남 천안시"
10524,"경기 광주시"
10525,"부산 수영구"
10526,"경기 안양시"
10527,"울산 남구"
10528,"부산 서구"
10529,"경기 안산시"
10530,"서울 은평구"
10531,"경기 양주시"
10532,"대구 달서구"
10533,"서울 강서구"
10534,"경기 용인시"
10535,"서울 금천구"
10536,"경남 김해시"
10537,"대전 유성구"
10538,"경남 김해시"
10539,"경기 안산시"
10540,"서울 도봉구"
10541,"광주 동구"
10542,"경기 남양주시"
10543,"충남 아산시"
10544,"경기 안양시"
10545,"충북 음성군"
10546,"경기 시흥시"
10547,"광주 북구"
10548,"경남 창원시"
10549,"전북특별자치도 익산시"
10550,"경북 김천시"
10551,"경기 성남시"
10552,"경남 진주시"
10553,"부산 금정구"
10554,"강원 원주시"
10555,"경기 안양시"
10556,"서울 관악구"
10557,"인천 부평구"
10558,"서울 마포구"
10559,"경남 김해시"
10560,"인천 연수구"
10561,"경기 용인시"
10562,"충남 아산시"
10563,"서울 은평구"
10564,"서울 구로구"
10565,"서울 용산구"
10566,"경기 화성시"
10567,"경기 부천시"
10568,"서울 노원구"
10569,"경기 시흥시"
10570,"경기 시흥시"
10571,"광주 북구"
10572,"전남 여수시"
10573,"경기 용인시"
10574,"인천 계양구"
10575,"서울 동작구"
10576,"대전 서구"
10577,"울산 동구"
10578,"경기 용인시"
10579,"서울 중랑구"
10580,"경기 용인시"
10581,"경기 용인시"
10582,"서울 구로구"
10583,"부산 동래구"
10584,"서울 성북구"
10585,"경기 안양시"
10586,"경북 안동시"
10587,"인천 강화군"
10588,"서울 성북구"
10589,"대전 유성구"
10590,"경기 평택시"
10591,"경기 안양시"
10592,"경기 김포시"
10593,"서울 송파구"
10594,"서울 광진구"
10595,"대구 북구"
10596,"경기 성남시"
10597,"경북 경산시"
10598,"대구 달서구"
10599,"인천 미추홀구"
10600,"인천 연수구"
10601,"서울 성북구"
10602,"부산 부산진구"
10603,"경기 용인시"
10604,"대구 동구"
10605,"경기 시흥시"
10606,"서울 서초구"
10607,"경기 용인시"
10608,"광주 서구"
10609,"경기 고양시"
10610,"대구 달서구"
10611,"대전 서구"
10612,"경기 안성시"
10613,"경기 광주시"
10614,"서울 동대문구"
10615,"서울 강남구"
10616,"서울 동대문구"
10617,"경기 성남시"
10618,"광주 서구"
10619,"대전 중구"
10620,"서울 은평구"
10621,"경기 화성시"
10622,"경남 창원시"
10623,"경기 수원시"
10624,"경남 양산시"
10625,"강원특별자치도 춘천시"
10626,"대구 남구"
10627,"대구 북구"
10628,"경기 파주시"
10629,"경기 안산시"
10630,"경기 수원시"
10631,"경기 화성시"
10632,"대전 유성구"
10633,"광주 남구"
10634,"울산 북구"
10635,"경기 부천시"
10636,"서울 도봉구"
10637,"부산 수영구"
10638,"경남 양산시"
10639,"인천 부평구"
10640,"대구 달성군"
10641,"경북 김천시"
10642,"경기 군포시"
10643,"경기 하남시"
10644,"부산 사하구"
10645,"경북 구미시"
10646,"경기 수원시"
10647,"경남 창원시"
10648,"서울 구로구"
10649,"경남 김해시"
10650,"경기 수원시"
10651,"부산 금정구"
10652,"경기 안산시"
10653,"경기 의정부시"
10654,"충남 아산시"
10655,"경북 포항시"
10656,"경기 의정부시"
10657,"경기 화성시"
10658,"강원 원주시"
10659,"경기 용인시"
10660,"광주 북구"
10661,"경기 고양시"
10662,"경기 광주시"
10663,"경북 영주시"
10664,"강원 삼척시"
10665,"부산 사상구"
10666,"서울 강동구"
10667,"경기 화성시"
10668,"전남 순천시"
10669,"서울 동대문구"
10670,"경기 안성시"
10671,"서울 송파구"
10672,"울산 남구"
10673,"강원특별자치도 춘천시"
10674,"경북 경산시"
10675,"전북 군산시"
10676,"서울 동대문구"
10677,"세종특별자치시 조치원읍"
10678,"서울 은평구"
10679,"광주 서구"
10680,"충북 청주시"
10681,"대전 서구"
10682,"서울 성북구"
10683,"경기 하남시"
10684,"전남 목포시"
10685,"경기 고양시"
10686,"충북 청주시"
10687,"서울 강서구"
10688,"부산 사하구"
10689,"전북 전주시"
10690,"경기 광명시"
10691,"경북 포항시"
10692,"인천 부평구"
10693,"경기 포천시"
10694,"대전 대덕구"
10695,"전북 전주시"
10696,"부산 부산진구"
10697,"서울 동대문구"
10698,"충남 홍성군"
10699,"서울 중랑구"
10700,"전남 여수시"
10701,"서울 송파구"
10702,"경기 용인시"
10703,"전북 전주시"
10704,"서울 도봉구"
10705,"강원 강릉시"
10706,"서울 관악구"
10707,"서울 노원구"
10708,"경기 파주시"
10709,"충남 서산시"
10710,"경기 평택시"
10711,"부산 수영구"
10712,"서울 서초구"
10713,"부산 해운대구"
10714,"부산 사상구"
10715,"경기 용인시"
10716,"충남 천안시"
10717,"부산 기장군"
10718,"서울 영등포구"
10719,"인천 부평구"
10720,"서울 강남구"
10721,"세종특별자치시 조치원읍"
10722,"대구 북구"
10723,"경기 안성시"
10724,"경남 김해시"
10725,"인천 서구"
10726,"강원 춘천시"
10727,"전북특별자치도 전주시"
10728,"경기 용인시"
10729,"서울 성동구"
10730,"충남 당진시"
10731,"서울 동대문구"
10732,"서울 송파구"
10733,"대전 서구"
10734,"대전 서구"
10735,"경남 창원시"
10736,"부산 연제구"
10737,"전남 강진군"
10738,"대구 달성군"
10739,"대구 동구"
10740,"경북 경산시"
10741,"서울 관악구"
10742,"울산 울주군"
10743,"서울 송파구"
10744,"경기 화성시"
10745,"서울 노원구"
10746,"전남 순천시"
10747,"경기 안성시"
10748,"제주특별자치도 제주시"
10749,"경기 성남시"
10750,"인천 남동구"
10751,"광주 남구"
10752,"대구 북구"
10753,"경기 화성시"
10754,"강원 춘천시"
10755,"경북 경산시"
10756,"경기 수원시"
10757,"대구 북구"
10758,"울산 남구"
10759,"강원 강릉시"
10760,"서울 서초구"
10761,"충북 충주시"
10762,"경남 함안군"
10763,"경기 오산시"
10764,"충남 천안시"
10765,"대구 북구"
10766,"서울 노원구"
10767,"경기 광주시"
10768,"충남 천안시"
10769,"부산 서구"
10770,"경기 파주시"
10771,"경기 고양시"
10772,"강원 강릉시"
10773,"부산 북구"
10774,"충남 천안시"
10775,"광주 서구"
10776,"충남 천안시"
10777,"경기 용인시"
10778,"서울 성북구"
10779,"경기 의정부시"
10780,"전북특별자치도 군산시"
10781,"경기 포천시"
10782,"충북 청주시"
10783,"충남 공주시"
10784,"대전 서구"
10785,"서울 서대문구"
10786,"제주특별자치도 제주시"
10787,"대전 대덕구"
10788,"인천 서구"
10789,"충남 천안시"
10790,"충남 천안시"
10791,"서울 동대문구"
10792,"서울 강남구"
10793,"경기 김포시"
10794,"인천 서구"
10795,"부산 수영구"
10796,"전남 진도군"
10797,"서울 구로구"
10798,"경기 화성시"
10799,"경기 부천시"
10800,"충북 청주시"
10801,"부산 수영구"
10802,"서울 강서구"
10803,"대구 수성구"
10804,"경기 파주시"
10805,"부산 부산진구"
10806,"충남 아산시"
10807,"인천 남동구"
10808,"인천 남동구"
10809,"경기 파주시"
10810,"서울 영등포구"
10811,"서울 광진구"
10812,"경기 시흥시"
10813,"경북 상주시"
10814,"경기 연천군"
10815,"경기 의왕시"
10816,"서울 종로구"
10817,"경기 성남시"
10818,"서울 중구"
10819,"경기 수원시"
10820,"전남 무안군"
10821,"경기 화성시"
10822,"광주 남구"
10823,"경기 화성시"
10824,"강원 원주시"
10825,"충북 충주시"
10826,"대전 동구"
10827,"경남 김해시"
10828,"서울 서초구"
10829,"경기 의정부시"
10830,"서울 관악구"
10831,"경북 경주시"
10832,"서울 은평구"
10833,"광주 동구"
10834,"부산 해운대구"
10835,"전북 전주시"
10836,"서울 강남구"
10837,"서울 관악구"
10838,"전북 전주시"
10839,"인천 계양구"
10840,"경북 경산시"
10841,"광주 광산구"
10842,"경기 이천시"
10843,"경기 안산시"
10844,"충북 충주시"
10845,"경기 안양시"
10846,"전북 익산시"
10847,"인천 미추홀구"
10848,"경기 남양주시"
10849,"서울 광진구"
10850,"부산 부산진구"
10851,"전북 군산시"
10852,"인천 미추홀구"
10853,"서울 송파구"
10854,"경기 의정부시"
10855,"경기 화성시"
10856,"경기 김포시"
10857,"서울 동대문구"
10858,"서울 강남구"
10859,"경남 창원시"
10860,"충남 천안시"
10861,"전북 전주시"
10862,"경북 안동시"
10863,"충남 천안시"
10864,"부산 해운대구"
10865,"부산 북구"
10866,"경남 창원시"
10867,"강원 춘천시"
10868,"강원 속초시"
10869,"경기 하남시"
10870,"경기 의정부시"
10871,"부산 해운대구"
10872,"부산 북구"
10873,"서울 강북구"
10874,"경남 창원시"
10875,"부산 금정구"
10876,"경기 용인시"
10877,"경기 고양시"
10878,"경기 고양시"
10879,"인천 남동구"
10880,"강원 원주시"
10881,"전북 전주시"
10882,"경기 고양시"
10883,"대구 달서구"
10884,"인천 부평구"
10885,"대구 북구"
10886,"경기 고양시"
10887,"대전 유성구"
10888,"부산 부산진구"
10889,"서울 영등포구"
10890,"대구 북구"
10891,"대구 달서구"
10892,"경남 김해시"
10893,"인천 부평구"
10894,"강원 춘천시"
10895,"서울 서초구"
10896,"강원 원주시"
10897,"부산 북구"
10898,"충남 천안시"
10899,"경기 수원시"
10900,"대구 서구"
10901,"서울 송파구"
10902,"대전 유성구"
10903,"대전 서구"
10904,"광주 서구"
10905,"대구 동구"
10906,"부산 동래구"
10907,"경남 통영시"
10908,"경기 화성시"
10909,"서울 송파구"
10910,"서울 구로구"
10911,"전북 전주시"
10912,"경기 안성시"
10913,"대구 북구"
10914,"경기 김포시"
10915,"경기 부천시"
10916,"경북 칠곡군"
10917,"전북 전주시"
10918,"경기 안양시"
10919,"충남 당진시"
10920,"부산 수영구"
10921,"충북 충주시"
10922,"서울 강남구"
10923,"경기 김포시"
10924,"대전 서구"
10925,"경기 성남시"
10926,"강원 동해시"
10927,"경기 시흥시"
10928,"전남 여수시"
10929,"인천 계양구"
10930,"서울 성북구"
10931,"전북 완주군"
10932,"서울 강남구"
10933,"경남 김해시"
10934,"경기 부천시"
10935,"인천 동구"
10936,"충남 아산시"
10937,"경기 군포시"
10938,"강원 강릉시"
10939,"충남 아산시"
10940,"부산 부산진구"
10941,"경북 봉화군"
10942,"경남 김해시"
10943,"경기 화성시"
10944,"서울 강북구"
10945,"경기 시흥시"
10946,"경기 용인시"
10947,"대구 달서구"
10948,"서울 마포구"
10949,"서울 강북구"
10950,"경기 수원시"
10951,"경기 화성시"
10952,"경기 수원시"
10953,"경기 광주시"
10954,"전남 여수시"
10955,"서울 성북구"
10956,"서울 성동구"
10957,"대전 동구"
10958,"경기 수원시"
10959,"부산 서구"
10960,"경기 남양주시"
10961,"경기 수원시"
10962,"경북 포항시"
10963,"서울 구로구"
10964,"대구 달성군"
10965,"경북 예천군"
10966,"광주 광산구"
10967,"경기 수원시"
10968,"경기 용인시"
10969,"서울 마포구"
10970,"서울 관악구"
10971,"전남 순천시"
10972,"부산 동래구"
10973,"서울 관악구"
10974,"대전 대덕구"
10975,"서울 마포구"
10976,"충북 청주시"
10977,"충남 천안시"
10978,"인천 서구"
10979,"부산 북구"
10980,"경남 김해시"
10981,"대구 북구"
10982,"부산 남구"
10983,"경기 수원시"
10984,"경북 포항시"
10985,"서울 성북구"
10986,"대구 수성구"
10987,"경기 안산시"
10988,"부산 부산진구"
10989,"경기 남양주시"
10990,"충남 아산시"
10991,"경기 수원시"
10992,"경기 화성시"
10993,"서울 성동구"
10994,"인천 서구"
10995,"경기 안양시"
10996,"서울 양천구"
10997,"대전 유성구"
10998,"서울 영등포구"
10999,"서울 중랑구"
11000,"광주 북구"
11001,"부산 동래구"
11002,"서울 노원구"
11003,"대구 남구"
11004,"대구 북구"
11005,"경기 성남시"
11006,"서울 강동구"
11007,"서울 은평구"
11008,"경기 고양시"
11009,"경기 용인시"
11010,"서울 중랑구"
11011,"경기 수원시"
11012,"경기 평택시"
11013,"경북 영천시"
11014,"서울 양천구"
11015,"서울 용산구"
11016,"경기 부천시"
11017,"인천 연수구"
11018,"경기 부천시"
11019,"대구 수성구"
11020,"경기 고양시"
11021,"서울 광진구"
11022,"경기 성남시"
11023,"서울 성북구"
11024,"부산 사하구"
11025,"경기 남양주시"
11026,"경기 용인시"
11027,"광주 광산구"
11028,"충남 천안시"
11029,"경기 부천시"
11030,"서울 서초구"
11031,"서울 관악구"
11032,"서울 중랑구"
11033,"전남 광양시"
11034,"서울 강서구"
11035,"광주 광산구"
11036,"경기 성남시"
11037,"인천 미추홀구"
11038,"경기 화성시"
11039,"인천 미추홀구"
11040,"부산 사상구"
11041,"서울 관악구"
11042,"서울 노원구"
11043,"인천 남동구"
11044,"충남 태안군"
11045,"경북 구미시"
11046,"경기 의정부시"
11047,"대전 유성구"
11048,"경남 양산시"
11049,"경남 양산시"
11050,"대구 남구"
11051,"충북 진천군"
11052,"충북 청주시"
11053,"서울 성북구"
11054,"경기 동두천시"
11055,"경기 구리시"
11056,"부산 해운대구"
11057,"서울 동작구"
11058,"광주 남구"
11059,"경기 파주시"
11060,"서울 동대문구"
11061,"인천 부평구"
11062,"대구 중구"
11063,"전북 김제시"
11064,"경기 용인시"
11065,"서울 광진구"
11066,"경기 이천시"
11067,"충남 아산시"
11068,"울산 남구"
11069,"부산 사상구"
11070,"서울 동대문구"
11071,"경기 광명시"
11072,"경기 여주시"
11073,"인천 서구"
11074,"부산 연제구"
11075,"서울 노원구"
11076,"전북특별자치도 전주시"
11077,"경기 성남시"
11078,"경기 평택시"
11079,"서울 구로구"
11080,"전남 목포시"
11081,"경기 양주시"
11082,"경기 용인시"
11083,"전남 순천시"
11084,"충남 아산시"
11085,"부산 남구"
11086,"울산 울주군"
11087,"서울 중랑구"
11088,"대구 북구"
11089,"광주 광산구"
11090,"경남 창원시"
11091,"대전 서구"
11092,"인천 서구"
11093,"세종특별자치시 보람로"
11094,"대전 서구"
11095,"충남 당진시"
11096,"경기 파주시"
11097,"인천 연수구"
11098,"경기 수원시"
11099,"서울 강남구"
11100,"강원 원주시"
11101,"경기 화성시"
11102,"경기 안양시"
11103,"전북특별자치도 군산시"
11104,"강원 강릉시"
11105,"전북 남원시"
11106,"경기 안산시"
11107,"경기 수원시"
11108,"경북 구미시"
11109,"서울 성북구"
11110,"서울 마포구"
11111,"경기 성남시"
11112,"경기 수원시"
11113,"경기 화성시"
11114,"경기 성남시"
11115,"경기 고양시"
11116,"부산 부산진구"
11117,"경기 부천시"
11118,"광주 남구"
11119,"경기 안양시"
11120,"충남 서산시"
11121,"경북 구미시"
11122,"부산 연제구"
11123,"서울 강남구"
11124,"경기 구리시"
11125,"충남 아산시"
11126,"경기 성남시"
11127,"경남 진주시"
11128,"경기 안성시"
11129,"부산 금정구"
11130,"경기 의왕시"
11131,"서울 송파구"
11132,"광주 서구"
11133,"인천 서구"
11134,"경기 성남시"
11135,"충남 당진시"
11136,"충북 청주시"
11137,"부산 금정구"
11138,"부산 금정구"
11139,"충북 청주시"
11140,"전남 목포시"
11141,"인천 남동구"
11142,"전남 여수시"
11143,"부산 남구"
11144,"강원 횡성군"
11145,"강원 태백시"
11146,"경기 남양주시"
11147,"경기 하남시"
11148,"경기 용인시"
11149,"충남 천안시"
11150,"서울 서대문구"
11151,"경북 포항시"
11152,"충남 논산시"
11153,"전북 전주시"
11154,"부산 북구"
11155,"서울 마포구"
11156,"경기 성남시"
11157,"경기 남양주시"
11158,"광주 북구"
11159,"경기 이천시"
11160,"충남 천안시"
11161,"대전 서구"
11162,"부산 영도구"
11163,"경기 용인시"
11164,"대구 북구"
11165,"부산 사하구"
11166,"경기 평택시"
11167,"울산 울주군"
11168,"제주특별자치도 제주시"
11169,"인천 남동구"
11170,"부산 연제구"
11171,"광주 서구"
11172,"전남 여수시"
11173,"서울 동작구"
11174,"인천 미추홀구"
11175,"인천 미추홀구"
11176,"서울 마포구"
11177,"대구 수성구"
11178,"경기 성남시"
11179,"대전 동구"
11180,"인천 남동구"
11181,"경기 평택시"
11182,"서울 강동구"
11183,"세종특별자치시 마음안로"
11184,"충북 청주시"
11185,"광주 광산구"
11186,"경남 창원시"
11187,"전북특별자치도 익산시"
11188,"경북 영양군"
11189,"서울 도봉구"
11190,"충남 천안시"
11191,"경기 남양주시"
11192,"경기 의왕시"
11193,"부산 남구"
11194,"서울 구로구"
11195,"경기 여주시"
11196,"광주 광산구"
11197,"경기 군포시"
11198,"서울 관악구"
11199,"경남 창원시"
11200,"경기 연천군"
11201,"경기 부천시"
11202,"서울 강북구"
11203,"부산 해운대구"
11204,"경남 창원시"
11205,"인천 계양구"
11206,"강원특별자치도 춘천시"
11207,"대구 달서구"
11208,"대구 북구"
11209,"경기 고양시"
11210,"대구 북구"
11211,"경기 안성시"
11212,"충남 아산시"
11213,"강원특별자치도 원주시"
11214,"대구 수성구"
11215,"인천 서구"
11216,"충남 논산시"
11217,"대전 유성구"
11218,"인천 연수구"
11219,"경남 남해군"
11220,"경남 양산시"
11221,"인천 부평구"
11222,"경기 안산시"
11223,"충남 공주시"
11224,"전남 순천시"
11225,"세종특별자치시 새롬남로"
11226,"서울 강동구"
11227,"부산 부산진구"
11228,"전북 군산시"
11229,"서울 은평구"
11230,"인천 부평구"
11231,"서울 마포구"
11232,"경기 여주시"
11233,"서울 강서구"
11234,"인천 연수구"
11235,"경북 구미시"
11236,"경기 의정부시"
11237,"경기 안산시"
11238,"경기 부천시"
11239,"부산 수영구"
11240,"경북 칠곡군"
11241,"부산 해운대구"
11242,"경기 수원시"
11243,"전남 영광군"
11244,"경기 수원시"
11245,"전북 무주군"
11246,"광주 서구"
11247,"광주 서구"
11248,"전북 무주군"
11249,"경기 남양주시"
11250,"인천 연수구"
11251,"대구 동구"
11252,"서울 노원구"
11253,"인천 부평구"
11254,"서울 관악구"
11255,"충북 청주시"
11256,"경기 시흥시"
11257,"부산 부산진구"
11258,"전남 순천시"
11259,"경기 양평군"
11260,"충북 청주시"
11261,"서울 강서구"
11262,"경남 거제시"
11263,"서울 강서구"
11264,"경기 용인시"
11265,"대전 서구"
11266,"경기 오산시"
11267,"서울 강북구"
11268,"경기 여주시"
11269,"경기 성남시"
11270,"경기 안산시"
11271,"경기 성남시"
11272,"충남 부여군"
11273,"충남 천안시"
11274,"강원특별자치도 화천군"
11275,"경기 평택시"
11276,"경기 부천시"
11277,"대구 달서구"
11278,"경기 수원시"
11279,"경기 용인시"
11280,"인천 미추홀구"
11281,"서울 광진구"
11282,"경기 용인시"
11283,"전남 해남군"
11284,"광주 서구"
11285,"경기 수원시"
11286,"전북특별자치도 전주시"
11287,"서울 노원구"
11288,"경기 화성시"
11289,"경기 화성시"
11290,"경기 고양시"
11291,"경기 고양시"
11292,"부산 동구"
11293,"서울 금천구"
11294,"서울 강남구"
11295,"경기 고양시"
11296,"충남 아산시"
11297,"인천 부평구"
11298,"강원 강릉시"
11299,"경기 시흥시"
11300,"경기 성남시"
11301,"경북 포항시"
11302,"대구 수성구"
11303,"경기 고양시"
11304,"경기 광명시"
11305,"경기 용인시"
11306,"강원 강릉시"
11307,"대구 달서구"
11308,"부산 동래구"
11309,"경기 고양시"
11310,"경남 김해시"
11311,"인천 옹진군"
11312,"서울 동대문구"
11313,"서울 동작구"
11314,"부산 연제구"
11315,"경기 파주시"
11316,"부산 연제구"
11317,"전북 익산시"
11318,"부산 부산진구"
11319,"대구 남구"
11320,"서울 노원구"
11321,"전북특별자치도 전주시"
11322,"서울 광진구"
11323,"서울 관악구"
11324,"인천 부평구"
11325,"서울 중랑구"
11326,"부산 수영구"
11327,"서울 강북구"
11328,"경기 안산시"
11329,"서울 송파구"
11330,"경기 양평군"
11331,"서울 마포구"
11332,"경기 수원시"
11333,"경기 수원시"
11334,"대구 달서구"
11335,"부산 북구"
11336,"경남 함양군"
11337,"광주 서구"
11338,"서울 관악구"
11339,"경남 김해시"
11340,"경북 경주시"
11341,"인천 계양구"
11342,"인천 동구"
11343,"서울 송파구"
11344,"부산 부산진구"
11345,"강원 속초시"
11346,"경기 안양시"
11347,"서울 관악구"
11348,"서울 성동구"
11349,"서울 강남구"
11350,"광주 북구"
11351,"경기 용인시"
11352,"인천 부평구"
11353,"충북 청주시"
11354,"서울 노원구"
11355,"경기 수원시"
11356,"경남 창원시"
11357,"경기 평택시"
11358,"서울 광진구"
11359,"경남 김해시"
11360,"경기 안양시"
11361,"경기 성남시"
11362,"광주 서구"
11363,"경기 김포시"
11364,"경기 안산시"
11365,"서울 강동구"
11366,"대구 달서구"
11367,"인천 서구"
11368,"서울 영등포구"
11369,"경기 의정부시"
11370,"경북 영주시"
11371,"충남 천안시"
11372,"서울 용산구"
11373,"충북 청주시"
11374,"서울 강서구"
11375,"경기 안양시"
11376,"인천 남동구"
11377,"광주 서구"
11378,"대구 동구"
11379,"인천 남동구"
11380,"서울 영등포구"
11381,"경기 시흥시"
11382,"부산 해운대구"
11383,"경북 안동시"
11384,"부산 연제구"
11385,"강원 정선군"
11386,"충남 아산시"
11387,"충북 청주시"
11388,"경기 평택시"
11389,"충남 아산시"
11390,"경남 창원시"
11391,"광주 남구"
11392,"경기 수원시"
11393,"충남 아산시"
11394,"경기 의정부시"
11395,"충북 청주시"
11396,"광주 서구"
11397,"충남 홍성군"
11398,"대구 달서구"
11399,"강원 평창군"
11400,"전남 장성군"
11401,"강원 원주시"
11402,"경기 남양주시"
11403,"서울 송파구"
11404,"강원 정선군"
11405,"서울 도봉구"
11406,"대전 대덕구"
11407,"서울 성북구"
11408,"서울 강서구"
11409,"경기 광주시"
11410,"인천 계양구"
11411,"경기 김포시"
11412,"부산 금정구"
11413,"강원 고성군"
11414,"강원특별자치도 홍천군"
11415,"인천 연수구"
11416,"경기 부천시"
11417,"경기 양주시"
11418,"경기 광주시"
11419,"대구 수성구"
11420,"경기 용인시"
11421,"강원특별자치도 강릉시"
11422,"대구 북구"
11423,"경남 함양군"
11424,"경기 안산시"
11425,"충남 서산시"
11426,"광주 광산구"
11427,"경기 가평군"
11428,"부산 동래구"
11429,"서울 서초구"
11430,"서울 광진구"
11431,"경기 용인시"
11432,"서울 영등포구"
11433,"경기 안성시"
11434,"울산 남구"
11435,"충북 청주시"
11436,"충남 논산시"
11437,"광주 북구"
11438,"경남 양산시"
11439,"광주 북구"
11440,"서울 동대문구"
11441,"전남 순천시"
11442,"경기 안성시"
11443,"충남 아산시"
11444,"경기 용인시"
11445,"충북 청주시"
11446,"서울 영등포구"
11447,"서울 관악구"
11448,"부산 금정구"
11449,"인천 남동구"
11450,"경기 안산시"
11451,"부산 해운대구"
11452,"경기 용인시"
11453,"전남 목포시"
11454,"서울 동대문구"
11455,"경기 안산시"
11456,"경남 창원시"
11457,"경기 용인시"
11458,"경기 군포시"
11459,"경기 수원시"
11460,"경기 광주시"
11461,"서울 강북구"
11462,"경기 과천시"
11463,"경기 수원시"
11464,"전북 완주군"
11465,"서울 광진구"
11466,"경기 성남시"
11467,"경기 하남시"
11468,"전북 전주시"
11469,"경기 남양주시"
11470,"서울 도봉구"
11471,"인천 남동구"
11472,"대전 중구"
11473,"경기 안산시"
11474,"서울 마포구"
11475,"전북 정읍시"
11476,"경기 안양시"
11477,"경기 시흥시"
11478,"경남 창원시"
11479,"강원 인제군"
11480,"서울 송파구"
11481,"강원 원주시"
11482,"경남 창원시"
11483,"경북 포항시"
11484,"경기 고양시"
11485,"전남 순천시"
11486,"경기 남양주시"
11487,"충남 아산시"
11488,"경기 성남시"
11489,"충남 천안시"
11490,"경기 안산시"
11491,"서울 관악구"
11492,"경남 창원시"
11493,"강원 태백시"
11494,"경기 시흥시"
11495,"경기 수원시"
11496,"서울 관악구"
11497,"경기 포천시"
11498,"경기 수원시"
11499,"서울 도봉구"
11500,"인천 서구"
11501,"서울 강서구"
11502,"인천 계양구"
11503,"충남 논산시"
11504,"경기 김포시"
11505,"인천 미추홀구"
11506,"경기 성남시"
11507,"경기 광주시"
11508,"서울 서초구"
11509,"경기 남양주시"
11510,"충남 천안시"
11511,"경기 수원시"
11512,"강원 속초시"
11513,"경기 안성시"
11514,"서울 은평구"
11515,"경기 광주시"
11516,"대구 북구"
11517,"서울 종로구"
11518,"경남 거제시"
11519,"전북 전주시"
11520,"경남 김해시"
11521,"경기 남양주시"
11522,"인천 계양구"
11523,"서울 금천구"
11524,"경기 부천시"
11525,"서울 성동구"
11526,"서울 중랑구"
11527,"대구 달성군"
11528,"서울 광진구"
11529,"서울 강남구"
11530,"인천 남동구"
11531,"경기 여주시"
11532,"광주 광산구"
11533,"경기 파주시"
11534,"경남 창원시"
11535,"서울 영등포구"
11536,"대전 서구"
11537,"경기 수원시"
11538,"서울 강북구"
11539,"경남 김해시"
11540,"경남 창원시"
11541,"인천 남동구"
11542,"서울 중구"
11543,"경기 수원시"
11544,"부산 연제구"
11545,"부산 동래구"
11546,"서울 송파구"
11547,"대구 북구"
11548,"충남 천안시"
11549,"충남 아산시"
11550,"세종특별자치시 나성북로"
11551,"서울 동대문구"
11552,"경기 김포시"
11553,"서울 마포구"
11554,"인천 계양구"
11555,"경기 의정부시"
11556,"울산 중구"
11557,"울산 남구"
11558,"서울 광진구"
11559,"부산 해운대구"
11560,"부산 해운대구"
11561,"서울 강동구"
11562,"대구 달서구"
11563,"대전 서구"
11564,"충남 아산시"
11565,"부산 부산진구"
11566,"경기 부천시"
11567,"충남 부여군"
11568,"전북 전주시"
11569,"경남 통영시"
11570,"부산 부산진구"
11571,"충남 천안시"
11572,"서울 송파구"
11573,"서울 강남구"
11574,"경기 수원시"
11575,"강원특별자치도 춘천시"
11576,"경기 평택시"
11577,"광주 북구"
11578,"경북 안동시"
11579,"대구 달서구"
11580,"제주특별자치도 제주시"
11581,"충남 천안시"
11582,"경기 과천시"
11583,"인천 연수구"
11584,"경기 이천시"
11585,"경기 파주시"
11586,"인천 부평구"
11587,"경북 경산시"
11588,"충남 아산시"
11589,"대전 중구"
11590,"경남 진주시"
11591,"부산 부산진구"
11592,"경기 구리시"
11593,"세종특별자치시 장군면"
11594,"대전 중구"
11595,"경기 파주시"
11596,"경기 시흥시"
11597,"서울 양천구"
11598,"경기 용인시"
11599,"부산 동래구"
11600,"경기 수원시"
11601,"충북 청주시"
11602,"광주 서구"
11603,"서울 강남구"
11604,"경기 안산시"
11605,"전북 전주시"
11606,"경기 고양시"
11607,"강원 삼척시"
11608,"서울 송파구"
11609,"경기 부천시"
11610,"경기 수원시"
11611,"강원 원주시"
11612,"경기 화성시"
11613,"충남 아산시"
11614,"경북 구미시"
11615,"대전 서구"
11616,"경기 부천시"
11617,"서울 성북구"
11618,"서울 동대문구"
11619,"인천 미추홀구"
11620,"대구 수성구"
11621,"서울 광진구"
11622,"부산 동래구"
11623,"서울 송파구"
11624,"경기 안성시"
11625,"경기 성남시"
11626,"서울 강서구"
11627,"경기 남양주시"
11628,"경기 남양주시"
11629,"서울 성동구"
11630,"서울 도봉구"
11631,"울산 남구"
11632,"경북 구미시"
11633,"대구 달서구"
11634,"경남 거제시"
11635,"경남 양산시"
11636,"서울 강서구"
11637,"강원특별자치도 춘천시"
11638,"충남 예산군"
11639,"경기 수원시"
11640,"경남 양산시"
11641,"경기 안산시"
11642,"인천 미추홀구"
11643,"서울 종로구"
11644,"인천 남동구"
11645,"충북 증평군"
11646,"경기 광명시"
11647,"강원 원주시"
11648,"서울 광진구"
11649,"서울 은평구"
11650,"경기 수원시"
11651,"세종특별자치시 나리1로"
11652,"서울 서대문구"
11653,"강원 삼척시"
11654,"경기 남양주시"
11655,"부산 남구"
11656,"경기 고양시"
11657,"대전 서구"
11658,"강원 강릉시"
11659,"서울 도봉구"
11660,"경기 용인시"
11661,"경기 안산시"
11662,"전남 순천시"
11663,"전북 군산시"
11664,"울산 남구"
11665,"제주특별자치도 제주시"
11666,"대구 달서구"
11667,"대구 달서구"
11668,"대전 서구"
11669,"부산 금정구"
11670,"경기 안산시"
11671,"경기 의정부시"
11672,"서울 송파구"
11673,"경기 수원시"
11674,"경기 남양주시"
11675,"울산 동구"
11676,"강원 춘천시"
11677,"부산 연제구"
11678,"서울 금천구"
11679,"대구 중구"
11680,"서울 관악구"
11681,"부산 금정구"
11682,"강원 원주시"
11683,"경기 하남시"
11684,"서울 중랑구"
11685,"대구 북구"
11686,"부산 부산진구"
11687,"경기 고양시"
11688,"전북특별자치도 전주시"
11689,"인천 동구"
11690,"경기 안산시"
11691,"부산 연제구"
11692,"경기 군포시"
11693,"서울 마포구"
11694,"대구 남구"
11695,"광주 동구"
11696,"전남 무안군"
11697,"부산 연제구"
11698,"광주 광산구"
11699,"경기 성남시"
11700,"대구 수성구"
11701,"경기 김포시"
11702,"서울 광진구"
11703,"전남 목포시"
11704,"서울 강동구"
11705,"경기 화성시"
11706,"서울 강동구"
11707,"대구 중구"
11708,"경북 안동시"
11709,"전북 군산시"
11710,"경기 안양시"
11711,"충남 예산군"
11712,"충남 아산시"
11713,"서울 도봉구"
11714,"경기 평택시"
11715,"경기 김포시"
11716,"경기 양주시"
11717,"서울 은평구"
11718,"서울 송파구"
11719,"서울 성동구"
11720,"경기 광명시"
11721,"광주 북구"
11722,"전남 순천시"
11723,"경남 창원시"
11724,"부산 서구"
11725,"경북 안동시"
11726,"경남 사천시"
11727,"부산 해운대구"
11728,"대구 북구"
11729,"경남 창원시"
11730,"경기 광주시"
11731,"경기 부천시"
11732,"경기 광주시"
11733,"경기 성남시"
11734,"전남 신안군"
11735,"인천 서구"
11736,"경기 시흥시"
11737,"대전 동구"
11738,"서울 마포구"
11739,"경기 성남시"
11740,"경기 화성시"
11741,"경기 부천시"
11742,"경기 동두천시"
11743,"서울 성북구"
11744,"경북 포항시"
11745,"강원특별자치도 춘천시"
11746,"경북 경산시"
11747,"경기 수원시"
11748,"인천 남동구"
11749,"충남 논산시"
11750,"서울 강남구"
11751,"서울 은평구"
11752,"서울 은평구"
11753,"충남 아산시"
11754,"대전 유성구"
11755,"서울 중랑구"
11756,"경북 포항시"
11757,"충북 제천시"
11758,"경기 양평군"
11759,"경남 창원시"
11760,"경기 의정부시"
11761,"경기 이천시"
11762,"서울 노원구"
11763,"대구 수성구"
11764,"서울 중구"
11765,"경기 용인시"
11766,"서울 성북구"
11767,"서울 서대문구"
11768,"인천 미추홀구"
11769,"부산 동구"
11770,"강원특별자치도 원주시"
11771,"경기 군포시"
11772,"서울 중구"
11773,"전남 목포시"
11774,"경기 수원시"
11775,"서울 영등포구"
11776,"경남 진주시"
11777,"서울 중랑구"
11778,"서울 중랑구"
11779,"인천 남동구"
11780,"경기 고양시"
11781,"서울 서초구"
11782,"대전 대덕구"
11783,"경기 부천시"
11784,"광주 북구"
11785,"세종특별자치시 조치원읍"
11786,"부산 수영구"
11787,"전남 진도군"
11788,"강원 원주시"
11789,"강원 원주시"
11790,"인천 서구"
11791,"경기 성남시"
11792,"서울 마포구"
11793,"경기 평택시"
11794,"경남 양산시"
11795,"충남 천안시"
11796,"경남 김해시"
11797,"서울 도봉구"
11798,"대구 동구"
11799,"경기 평택시"
11800,"충남 천안시"
11801,"경기 구리시"
11802,"인천 미추홀구"
11803,"서울 송파구"
11804,"부산 사하구"
11805,"서울 종로구"
11806,"경기 의정부시"
11807,"충북 청주시"
11808,"대구 동구"
11809,"인천 남동구"
11810,"대구 달성군"
11811,"대구 수성구"
11812,"전북 익산시"
11813,"경남 김해시"
11814,"서울 서대문구"
11815,"서울 동작구"
11816,"서울 구로구"
11817,"대전 서구"
11818,"대구 북구"
11819,"경기 부천시"
11820,"대구 달성군"
11821,"인천 연수구"
11822,"전남 영암군"
11823,"경남 김해시"
11824,"인천 남동구"
11825,"부산 북구"
11826,"서울 도봉구"
11827,"경기 광주시"
11828,"충남 천안시"
11829,"경기 남양주시"
11830,"서울 양천구"
11831,"광주 서구"
11832,"대전 중구"
11833,"경기 성남시"
11834,"경기 군포시"
11835,"경기 용인시"
11836,"서울 은평구"
11837,"서울 성동구"
11838,"서울 중랑구"
11839,"경북 경산시"
11840,"서울 강서구"
11841,"서울 노원구"
11842,"부산 부산진구"
11843,"인천 미추홀구"
11844,"부산 수영구"
11845,"전남 무안군"
11846,"충남 홍성군"
11847,"서울 영등포구"
11848,"경기 고양시"
11849,"서울 동작구"
11850,"경기 고양시"
11851,"경기 의정부시"
11852,"강원 인제군"
11853,"경기 성남시"
11854,"충남 천안시"
11855,"서울 동대문구"
11856,"서울 서대문구"
11857,"서울 영등포구"
11858,"강원 춘천시"
11859,"강원 정선군"
11860,"경남 김해시"
11861,"대구 달서구"
11862,"대구 남구"
11863,"충북 청주시"
11864,"경기 오산시"
11865,"경기 수원시"
11866,"광주 남구"
11867,"서울 강동구"
11868,"광주 남구"
11869,"대구 동구"
11870,"경남 창원시"
11871,"대구 북구"
11872,"경기 화성시"
11873,"경북 포항시"
11874,"경기 수원시"
11875,"서울 광진구"
11876,"광주 북구"
11877,"경기 부천시"
11878,"경북 포항시"
11879,"경기 용인시"
11880,"강원특별자치도 원주시"
11881,"충남 천안시"
11882,"서울 관악구"
11883,"인천 남동구"
11884,"서울 중구"
11885,"충북 청주시"
11886,"경기 의정부시"
11887,"경기 성남시"
11888,"부산 사상구"
11889,"충남 천안시"
11890,"경기 성남시"
11891,"서울 강남구"
11892,"인천 미추홀구"
11893,"경기 시흥시"
11894,"경기 구리시"
11895,"경기 수원시"
11896,"서울 동대문구"
11897,"경기 안성시"
11898,"대전 서구"
11899,"부산 금정구"
11900,"대구 남구"
11901,"경기 화성시"
11902,"대전 대덕구"
11903,"대전 동구"
11904,"경기 남양주시"
11905,"강원특별자치도 춘천시"
11906,"충남 논산시"
11907,"서울 중랑구"
11908,"서울 관악구"
11909,"경남 창원시"
11910,"인천 미추홀구"
11911,"경기 평택시"
11912,"강원특별자치도 원주시"
11913,"경기 하남시"
11914,"강원 원주시"
11915,"서울 도봉구"
11916,"대구 남구"
11917,"경북 구미시"
11918,"서울 양천구"
11919,"경기 성남시"
11920,"서울 강서구"
11921,"광주 남구"
11922,"경기 광주시"
11923,"서울 강서구"
11924,"서울 관악구"
11925,"광주 광산구"
11926,"인천 연수구"
11927,"부산 사하구"
11928,"경기 안산시"
11929,"대구 북구"
11930,"경기 안산시"
11931,"서울 서초구"
11932,"경기 안성시"
11933,"충북 청주시"
11934,"경기 동두천시"
11935,"전남 장성군"
11936,"강원 원주시"
11937,"경기 화성시"
11938,"광주 북구"
11939,"울산 중구"
11940,"경기 안산시"
11941,"경기 고양시"
11942,"충남 당진시"
11943,"경남 창원시"
11944,"서울 강동구"
11945,"강원특별자치도 원주시"
11946,"경기 화성시"
11947,"경북 구미시"
11948,"경남 창원시"
11949,"서울 중구"
11950,"인천 부평구"
11951,"부산 동래구"
11952,"인천 부평구"
11953,"경기 수원시"
11954,"경기 수원시"
11955,"충남 천안시"
11956,"울산 남구"
11957,"경기 안양시"
11958,"인천 남동구"
11959,"경남 김해시"
11960,"서울 도봉구"
11961,"서울 송파구"
11962,"서울 송파구"
11963,"서울 관악구"
11964,"대구 달서구"
11965,"강원 강릉시"
11966,"경기 성남시"
11967,"경기 화성시"
11968,"전북 익산시"
11969,"경기 의정부시"
11970,"경남 창원시"
11971,"경기 파주시"
11972,"경기 수원시"
11973,"강원특별자치도 원주시"
11974,"서울 동작구"
11975,"경기 포천시"
11976,"강원특별자치도 원주시"
11977,"서울 동대문구"
11978,"경기 파주시"
11979,"경북 경산시"
11980,"경북 포항시"
11981,"대구 달서구"
11982,"경기 의정부시"
11983,"대구 동구"
11984,"경기 화성시"
11985,"대구 동구"
11986,"충남 아산시"
11987,"서울 송파구"
11988,"경북 포항시"
11989,"서울 송파구"
11990,"충남 아산시"
11991,"부산 부산진구"
11992,"인천 중구"
11993,"강원 춘천시"
11994,"충남 공주시"
11995,"경기 용인시"
11996,"경기 안양시"
11997,"경남 창원시"
11998,"전북특별자치도 전주시"
11999,"부산 금정구"
12000,"경기 화성시"
12001,"전남 나주시"
12002,"충남 공주시"
12003,"전북 전주시"
12004,"경남 양산시"
12005,"서울 강서구"
12006,"경기 파주시"
12007,"서울 강남구"
12008,"서울 마포구"
12009,"경기 파주시"
12010,"부산 북구"
12011,"인천 남동구"
12012,"서울 강남구"
12013,"경기 성남시"
12014,"전북 익산시"
12015,"대전 유성구"
12016,"경기 하남시"
12017,"대전 유성구"
12018,"경기 광주시"
12019,"인천 미추홀구"
12020,"충남 서산시"
12021,"경북 포항시"
12022,"경남 거제시"
12023,"충북 청주시"
12024,"서울 영등포구"
12025,"전북 전주시"
12026,"부산 영도구"
12027,"서울 동대문구"
12028,"전남 순천시"
12029,"인천 연수구"
12030,"서울 광진구"
12031,"경기 부천시"
12032,"충남 천안시"
12033,"경기 안성시"
12034,"서울 서초구"
12035,"서울 용산구"
12036,"서울 동작구"
12037,"부산 사하구"
12038,"전북 정읍시"
12039,"경기 용인시"
12040,"경남 김해시"
12041,"광주 북구"
12042,"대구 수성구"
12043,"서울 관악구"
12044,"인천 남동구"
12045,"광주 북구"
12046,"인천 서구"
12047,"경기 하남시"
12048,"경기 성남시"
12049,"서울 서대문구"
12050,"광주 서구"
12051,"서울 중랑구"
12052,"강원특별자치도 원주시"
12053,"전북 김제시"
12054,"대구 북구"
12055,"대구 동구"
12056,"부산 부산진구"
12057,"경남 거제시"
12058,"강원특별자치도 원주시"
12059,"광주 동구"
12060,"경기 성남시"
12061,"경기 안성시"
12062,"대구 달성군"
12063,"부산 부산진구"
12064,"서울 광진구"
12065,"경기 오산시"
12066,"충남 천안시"
12067,"서울 강서구"
12068,"부산 연제구"
12069,"대전 서구"
12070,"경기 광명시"
12071,"전북특별자치도 전주시"
12072,"경기 의정부시"
12073,"충북 청주시"
12074,"전남 여수시"
12075,"경기 이천시"
12076,"대구 북구"
12077,"경기 안양시"
12078,"경기 고양시"
12079,"서울 동작구"
12080,"대구 달성군"
12081,"부산 연제구"
12082,"충북 청주시"
12083,"대전 대덕구"
12084,"경기 수원시"
12085,"경기 고양시"
12086,"울산 북구"
12087,"경기 양주시"
12088,"경남 창원시"
12089,"경기 화성시"
12090,"부산 사하구"
12091,"인천 연수구"
12092,"광주 광산구"
12093,"경남 진주시"
12094,"경기 파주시"
12095,"대구 동구"
12096,"경기 김포시"
12097,"경기 수원시"
12098,"충남 천안시"
12099,"경기 오산시"
12100,"서울 금천구"
12101,"충남 천안시"
12102,"충북 청주시"
12103,"경기 부천시"
12104,"전북 익산시"
12105,"전남 광양시"
12106,"서울 영등포구"
12107,"경기 화성시"
12108,"충남 당진시"
12109,"서울 관악구"
12110,"대전 중구"
12111,"서울 서초구"
12112,"광주 광산구"
12113,"서울 서초구"
12114,"강원 춘천시"
12115,"인천 계양구"
12116,"대전 유성구"
12117,"서울 광진구"
12118,"경기 성남시"
12119,"서울 중구"
12120,"서울 동작구"
12121,"경기 부천시"
12122,"경기 안산시"
12123,"서울 강서구"
12124,"경기 의정부시"
12125,"경기 가평군"
12126,"서울 관악구"
12127,"인천 남동구"
12128,"경기 남양주시"
12129,"경기 안산시"
12130,"충북 청주시"
12131,"강원 춘천시"
12132,"부산 남구"
12133,"전남 장흥군"
12134,"경기 고양시"
12135,"경기 성남시"
12136,"경기 성남시"
12137,"경남 양산시"
12138,"부산 금정구"
12139,"서울 동작구"
12140,"충남 홍성군"
12141,"충북 청주시"
12142,"서울 서대문구"
12143,"경기 용인시"
12144,"서울 광진구"
12145,"대구 수성구"
12146,"광주 광산구"
12147,"부산 금정구"
12148,"대전 중구"
12149,"울산 중구"
12150,"서울 강서구"
12151,"광주 광산구"
12152,"경기 구리시"
12153,"서울 마포구"
12154,"서울 광진구"
12155,"서울 성북구"
12156,"충북 청주시"
12157,"충북 청주시"
12158,"전북 전주시"
12159,"서울 금천구"
12160,"경기 안양시"
12161,"서울 용산구"
12162,"전남 광양시"
12163,"강원 춘천시"
12164,"경기 의정부시"
12165,"부산 해운대구"
12166,"인천 연수구"
12167,"경기 고양시"
12168,"서울 은평구"
12169,"서울 강북구"
12170,"경남 양산시"
12171,"경기 시흥시"
12172,"서울 마포구"
12173,"서울 성북구"
12174,"서울 송파구"
12175,"서울 강서구"
12176,"경기 광주시"
12177,"경기 수원시"
12178,"경북 포항시"
12179,"서울 관악구"
12180,"경기 수원시"
12181,"대전 동구"
12182,"경기 성남시"
12183,"경기 안산시"
12184,"서울 용산구"
12185,"경기 수원시"
12186,"경남 거창군"
12187,"부산 금정구"
12188,"경기 구리시"
12189,"경기 안산시"
12190,"인천 남동구"
12191,"대전 중구"
12192,"경기 성남시"
12193,"충북 청주시"
12194,"경북 경산시"
12195,"경기 수원시"
12196,"경기 남양주시"
12197,"부산 금정구"
12198,"전북특별자치도 전주시"
12199,"경남 양산시"
12200,"경기 남양주시"
12201,"전북 익산시"
12202,"경북 칠곡군"
12203,"서울 서대문구"
12204,"세종특별자치시 갈매로"
12205,"서울 강서구"
12206,"충남 아산시"
12207,"전북 군산시"
12208,"경기 성남시"
12209,"충남 태안군"
12210,"경북 안동시"
12211,"인천 남동구"
12212,"서울 노원구"
12213,"전남 곡성군"
12214,"경기 남양주시"
12215,"충북 청주시"
12216,"경기 광명시"
12217,"대전 서구"
12218,"경기 수원시"
12219,"경기 안양시"
12220,"서울 동대문구"
12221,"충남 논산시"
12222,"경기 고양시"
12223,"대전 중구"
12224,"서울 성동구"
12225,"광주 광산구"
12226,"서울 동작구"
12227,"부산 강서구"
12228,"부산 연제구"
12229,"경기 오산시"
12230,"경남 진주시"
12231,"경기 평택시"
12232,"경기 광명시"
12233,"광주 북구"
12234,"부산 사하구"
12235,"서울 영등포구"
12236,"경기 시흥시"
12237,"부산 사상구"
12238,"충남 천안시"
12239,"충남 아산시"
12240,"경기 고양시"
12241,"인천 계양구"
12242,"충북 제천시"
12243,"대전 서구"
12244,"서울 강동구"
12245,"서울 강남구"
12246,"경기 고양시"
12247,"서울 성북구"
12248,"부산 금정구"
12249,"서울 광진구"
12250,"인천 중구"
12251,"서울 동작구"
12252,"서울 양천구"
12253,"인천 부평구"
12254,"광주 서구"
12255,"충남 당진시"
12256,"광주 광산구"
12257,"경기 남양주시"
12258,"경기 동두천시"
12259,"서울 강서구"
12260,"대구 동구"
12261,"울산 북구"
12262,"대전 서구"
12263,"충북 충주시"
12264,"부산 사상구"
12265,"세종특별자치시 조치원읍"
12266,"경기 시흥시"
12267,"강원 원주시"
12268,"서울 광진구"
12269,"경기 시흥시"
12270,"경기 남양주시"
12271,"경기 용인시"
12272,"충남 천안시"
12273,"경기 남양주시"
12274,"서울 중랑구"
12275,"경기 고양시"
12276,"인천 남동구"
12277,"경기 남양주시"
12278,"강원특별자치도 강릉시"
12279,"부산 북구"
12280,"서울 송파구"
12281,"부산 강서구"
12282,"경남 사천시"
12283,"서울 송파구"
12284,"경기 하남시"
12285,"부산 사하구"
12286,"광주 북구"
12287,"전북 익산시"
12288,"부산 사하구"
12289,"광주 북구"
12290,"전북특별자치도 정읍시"
12291,"경남 창원시"
12292,"서울 마포구"
12293,"울산 남구"
12294,"서울 은평구"
12295,"인천 연수구"
12296,"경기 평택시"
12297,"부산 남구"
12298,"광주 광산구"
12299,"강원 춘천시"
12300,"서울 용산구"
12301,"전북 익산시"
12302,"경기 구리시"
12303,"서울 관악구"
12304,"전남 무안군"
12305,"경기 수원시"
12306,"광주 서구"
12307,"경북 구미시"
12308,"경기 군포시"
12309,"서울 동대문구"
12310,"서울 마포구"
12311,"경기 양주시"
12312,"서울 영등포구"
12313,"충북 음성군"
12314,"인천 남동구"
12315,"인천 부평구"
12316,"서울 성북구"
12317,"경기 파주시"
12318,"경기 파주시"
12319,"대구 중구"
12320,"부산 부산진구"
12321,"서울 동대문구"
12322,"경기 안산시"
12323,"경기 남양주시"
12324,"제주특별자치도 서귀포시"
12325,"경기 부천시"
12326,"울산 울주군"
12327,"경기 광명시"
12328,"경기 파주시"
12329,"서울 양천구"
12330,"경기 성남시"
12331,"경기 성남시"
12332,"서울 광진구"
12333,"경기 안산시"
12334,"부산 사하구"
12335,"인천 미추홀구"
12336,"경기 안성시"
12337,"대구 달서구"
12338,"경기 용인시"
12339,"전북 전주시"
12340,"경기 부천시"
12341,"충북 청주시"
12342,"세종특별자치시 보람1길"
12343,"충남 계룡시"
12344,"서울 도봉구"
12345,"경남 합천군"
12346,"세종특별자치시 시청대로"
12347,"부산 사하구"
12348,"서울 성북구"
12349,"서울 강북구"
12350,"부산 사하구"
12351,"서울 동작구"
12352,"대구 수성구"
12353,"부산 해운대구"
12354,"경남 의령군"
12355,"울산 동구"
12356,"전남 순천시"
12357,"대구 남구"
12358,"경기 남양주시"
12359,"서울 중랑구"
12360,"경북 경산시"
12361,"충남 천안시"
12362,"울산 북구"
12363,"광주 서구"
12364,"서울 동대문구"
12365,"서울 광진구"
12366,"서울 은평구"
12367,"경기 용인시"
12368,"경기 부천시"
12369,"서울 동대문구"
12370,"서울 종로구"
12371,"서울 도봉구"
12372,"강원 춘천시"
12373,"경남 양산시"
12374,"경기 안산시"
12375,"인천 남동구"
12376,"경기 오산시"
12377,"경기 고양시"
12378,"경기 안산시"
12379,"경기 성남시"
12380,"인천 연수구"
12381,"울산 울주군"
12382,"서울 동대문구"
12383,"서울 송파구"
12384,"충남 아산시"
12385,"경기 성남시"
12386,"경기 화성시"
12387,"대구 중구"
12388,"경기 수원시"
12389,"경기 용인시"
12390,"서울 금천구"
12391,"경기 이천시"
12392,"강원 원주시"
12393,"인천 서구"
12394,"경기 화성시"
12395,"서울 강남구"
12396,"서울 성동구"
12397,"인천 부평구"
12398,"전남 진도군"
12399,"경북 구미시"
12400,"경기 수원시"
12401,"경기 부천시"
12402,"전북 전주시"
12403,"경기 부천시"
12404,"충북 청주시"
12405,"부산 남구"
12406,"충북 청주시"
12407,"서울 구로구"
12408,"경기 동두천시"
12409,"서울 서초구"
12410,"대구 북구"
12411,"부산 해운대구"
12412,"서울 관악구"
12413,"대구 북구"
12414,"경기 남양주시"
12415,"충북 청주시"
12416,"경기 평택시"
12417,"경기 수원시"
12418,"서울 서대문구"
12419,"경기 안양시"
12420,"광주 서구"
12421,"전남 여수시"
12422,"충북 충주시"
12423,"경기 파주시"
12424,"서울 서초구"
12425,"대구 북구"
12426,"대구 달서구"
12427,"충남 아산시"
12428,"충북 충주시"
12429,"경기 남양주시"
12430,"서울 은평구"
12431,"경기 남양주시"
12432,"부산 서구"
12433,"서울 중구"
12434,"부산 사하구"
