S.No,BrandName,Product ID,Product Name
2234,aurelia,AURELIA79,AURELIA79 - Indianwear-Women
4396,coach,COACH26,COACH26 - Fragrance-Women
3675,casio,CASIO109,CASIO109 - Watches-Women
1530,and,AND347,AND347 - Westernwear-Women
4494,cover story,COVER STORY86,COVER STORY86 - Westernwear-Women
2279,aurelia,AURELIA124,AURELIA124 - Indianwear-Women
2950,ayesha,AYESHA309,AYESHA309 - Jewellery-Women
714,allen solly tribe,ALLEN SOLLY TRIBE9,ALLEN SOLLY TRIBE9 - Westernwear-Women
529,allen solly,ALLEN SOLLY63,ALLEN SOLLY63 - Westernwear-Women
556,allen solly,ALLEN SOLLY90,ALLEN SOLLY90 - Westernwear-Women
2174,aurelia,AURELIA19,AURELIA19 - Indianwear-Women
3263,biba,BIBA163,BIBA163 - Indianwear-Women
253,adidas,ADIDAS86,ADIDAS86 - Westernwear-Women
830,altlife,ALTLIFE110,ALTLIFE110 - Westernwear-Women
4407,colour me,COLOUR ME6,COLOUR ME6 - Fragrance-Women
4116,clara,CLARA9,CLARA9 - Jewellery-Women
2659,ayesha,AYESHA18,AYESHA18 - Indianwear-Women
768,altlife,ALTLIFE48,ALTLIFE48 - Westernwear-Women
893,amante,AMANTE12,AMANTE12 - Lingerie&Nightwear-Women
2592,aurelia,AURELIA437,AURELIA437 - Indianwear-Women
4245,clovia,CLOVIA22,CLOVIA22 - Lingerie&Nightwear-Women
2827,ayesha,AYESHA186,AYESHA186 - Jewellery-Women
1656,and,AND473,AND473 - Westernwear-Women
863,altlife,ALTLIFE143,ALTLIFE143 - Westernwear-Women
2506,aurelia,AURELIA351,AURELIA351 - Indianwear-Women
125,aarke,AARKE9,AARKE9 - Indianwear-Women
2124,arteastri,ARTEASTRI109,ARTEASTRI109 - Indianwear-Women
2611,aurelia,AURELIA456,AURELIA456 - Indianwear-Women
51,109f,DRW50,DRW50 - Westernwear-Women
1495,and,AND312,AND312 - Westernwear-Women
277,adidas,ADIDAS110,ADIDAS110 - Westernwear-Women
4160,clara,CLARA53,CLARA53 - Jewellery-Women
1101,amukti,AMUKTI11,AMUKTI11 - Indianwear-Women
586,allen solly,ALLEN SOLLY120,ALLEN SOLLY120 - Westernwear-Women
657,allen solly,ALLEN SOLLY191,ALLEN SOLLY191 - Westernwear-Women
1261,and,AND78,AND78 - Westernwear-Women
2469,aurelia,AURELIA314,AURELIA314 - Indianwear-Women
3745,casio,CASIO179,CASIO179 - Watches-Women
3169,biba,BIBA69,BIBA69 - Indianwear-Women
2954,ayesha,AYESHA313,AYESHA313 - Jewellery-Women
3054,belleziya,BELLEZIYA31,BELLEZIYA31 - Jewellery-Women
4235,clovia,CLOVIA12,CLOVIA12 - Lingerie&Nightwear-Women
700,allen solly,ALLEN SOLLY234,ALLEN SOLLY234 - Westernwear-Women
2856,ayesha,AYESHA215,AYESHA215 - Jewellery-Women
283,adidas,ADIDAS116,ADIDAS116 - Westernwear-Women
4145,clara,CLARA38,CLARA38 - Jewellery-Women
196,adidas,ADIDAS29,ADIDAS29 - Westernwear-Women
192,adidas,ADIDAS25,ADIDAS25 - Westernwear-Women
1870,and,AND687,AND687 - Westernwear-Women
3924,catwalk,CATWALK160,CATWALK160 - Footwear-Women
3220,biba,BIBA120,BIBA120 - Indianwear-Women
1542,and,AND359,AND359 - Westernwear-Women
2911,ayesha,AYESHA270,AYESHA270 - Jewellery-Women
2155,athome,ATHOME1,ATHOME1 - Westernwear-Women
2738,ayesha,AYESHA97,AYESHA97 - Jewellery-Women
3534,campus sutra,CAMPUS SUTRA108,CAMPUS SUTRA108 - Westernwear-Women
3399,burberry,BURBERRY6,BURBERRY6 - Fragrance-Women
3594,casio,CASIO28,CASIO28 - Watches-Women
1628,and,AND445,AND445 - Westernwear-Women
3752,casio,CASIO186,CASIO186 - Watches-Women
571,allen solly,ALLEN SOLLY105,ALLEN SOLLY105 - Westernwear-Women
3553,carolina herrera,CAROLINA HERRERA12,CAROLINA HERRERA12 - Fragrance-Women
1186,and,AND3,AND3 - Westernwear-Women
350,adidas,ADIDAS183,ADIDAS183 - Footwear-Women
1296,and,AND113,AND113 - Westernwear-Women
261,adidas,ADIDAS94,ADIDAS94 - Westernwear-Women
3866,catwalk,CATWALK102,CATWALK102 - Footwear-Women
1842,and,AND659,AND659 - Westernwear-Women
1554,and,AND371,AND371 - Westernwear-Women
2948,ayesha,AYESHA307,AYESHA307 - Jewellery-Women
1127,amukti,AMUKTI37,AMUKTI37 - Indianwear-Women
1216,and,AND33,AND33 - Westernwear-Women
3470,campus sutra,CAMPUS SUTRA44,CAMPUS SUTRA44 - Westernwear-Women
971,amante,AMANTE90,AMANTE90 - Lingerie&Nightwear-Women
412,adidas,ADIDAS245,ADIDAS245 - Footwear-Women
2617,aurelia,AURELIA462,AURELIA462 - Indianwear-Women
463,alexandre christie,ALEXANDRE CHRISTIE1,ALEXANDRE CHRISTIE1 - Watches-Women
1812,and,AND629,AND629 - Westernwear-Women
3088,belleziya,BELLEZIYA65,BELLEZIYA65 - Jewellery-Women
2322,aurelia,AURELIA167,AURELIA167 - Indianwear-Women
4510,cover story,COVER STORY102,COVER STORY102 - Westernwear-Women
4428,cover story,COVER STORY20,COVER STORY20 - Westernwear-Women
560,allen solly,ALLEN SOLLY94,ALLEN SOLLY94 - Westernwear-Women
1475,and,AND292,AND292 - Westernwear-Women
825,altlife,ALTLIFE105,ALTLIFE105 - Westernwear-Women
646,allen solly,ALLEN SOLLY180,ALLEN SOLLY180 - Westernwear-Women
2992,ayesha,AYESHA351,AYESHA351 - Jewellery-Women
1682,and,AND499,AND499 - Westernwear-Women
502,allen solly,ALLEN SOLLY36,ALLEN SOLLY36 - Westernwear-Women
1632,and,AND449,AND449 - Westernwear-Women
4518,cover story,COVER STORY110,COVER STORY110 - Westernwear-Women
101,109f,DRW100,DRW100 - Westernwear-Women
2579,aurelia,AURELIA424,AURELIA424 - Indianwear-Women
992,amante,AMANTE111,AMANTE111 - Lingerie&Nightwear-Women
1892,and,AND709,AND709 - Fragrance-Women
937,amante,AMANTE56,AMANTE56 - Lingerie&Nightwear-Women
737,altlife,ALTLIFE17,ALTLIFE17 - Westernwear-Women
3713,casio,CASIO147,CASIO147 - Watches-Women
3340,biba,BIBA240,BIBA240 - Indianwear-Women
144,aarke,AARKE28,AARKE28 - Indianwear-Women
3119,biba,BIBA19,BIBA19 - Indianwear-Women
4207,clarks,CLARKS46,CLARKS46 - Footwear-Women
4109,clara,CLARA2,CLARA2 - Jewellery-Women
233,adidas,ADIDAS66,ADIDAS66 - Westernwear-Women
2658,ayesha,AYESHA17,AYESHA17 - Indianwear-Women
2989,ayesha,AYESHA348,AYESHA348 - Jewellery-Women
3101,biba,BIBA1,BIBA1 - Westernwear-Women
584,allen solly,ALLEN SOLLY118,ALLEN SOLLY118 - Westernwear-Women
17,109f,DRW16,DRW16 - Westernwear-Women
2642,ayesha,AYESHA1,AYESHA1 - Westernwear-Women
1324,and,AND141,AND141 - Westernwear-Women
2641,aurelia,AURELIA486,AURELIA486 - Indianwear-Women
3694,casio,CASIO128,CASIO128 - Watches-Women
564,allen solly,ALLEN SOLLY98,ALLEN SOLLY98 - Westernwear-Women
789,altlife,ALTLIFE69,ALTLIFE69 - Westernwear-Women
585,allen solly,ALLEN SOLLY119,ALLEN SOLLY119 - Westernwear-Women
3166,biba,BIBA66,BIBA66 - Indianwear-Women
4118,clara,CLARA11,CLARA11 - Jewellery-Women
1446,and,AND263,AND263 - Westernwear-Women
3159,biba,BIBA59,BIBA59 - Indianwear-Women
4104,citizen,CITIZEN1,CITIZEN1 - Watches-Women
3320,biba,BIBA220,BIBA220 - Indianwear-Women
4292,clovia,CLOVIA69,CLOVIA69 - Lingerie&Nightwear-Women
779,altlife,ALTLIFE59,ALTLIFE59 - Westernwear-Women
780,altlife,ALTLIFE60,ALTLIFE60 - Westernwear-Women
886,amante,AMANTE5,AMANTE5 - Lingerie&Nightwear-Women
1686,and,AND503,AND503 - Westernwear-Women
976,amante,AMANTE95,AMANTE95 - Lingerie&Nightwear-Women
3012,ayesha,AYESHA371,AYESHA371 - Jewellery-Women
3154,biba,BIBA54,BIBA54 - Indianwear-Women
1848,and,AND665,AND665 - Westernwear-Women
2885,ayesha,AYESHA244,AYESHA244 - Jewellery-Women
3048,belleziya,BELLEZIYA25,BELLEZIYA25 - Jewellery-Women
3788,catwalk,CATWALK24,CATWALK24 - Footwear-Women
1062,amante,AMANTE181,AMANTE181 - Lingerie&Nightwear-Women
1019,amante,AMANTE138,AMANTE138 - Lingerie&Nightwear-Women
3566,carolina herrera,CAROLINA HERRERA25,CAROLINA HERRERA25 - Fragrance-Women
1601,and,AND418,AND418 - Westernwear-Women
1491,and,AND308,AND308 - Westernwear-Women
2065,arteastri,ARTEASTRI50,ARTEASTRI50 - Indianwear-Women
1902,anne klein,ANNE KLEIN10,ANNE KLEIN10 - Watches-Women
969,amante,AMANTE88,AMANTE88 - Lingerie&Nightwear-Women
4244,clovia,CLOVIA21,CLOVIA21 - Lingerie&Nightwear-Women
3928,catwalk,CATWALK164,CATWALK164 - Footwear-Women
3060,belleziya,BELLEZIYA37,BELLEZIYA37 - Jewellery-Women
3167,biba,BIBA67,BIBA67 - Indianwear-Women
2407,aurelia,AURELIA252,AURELIA252 - Indianwear-Women
4164,clarks,CLARKS3,CLARKS3 - Footwear-Women
1722,and,AND539,AND539 - Westernwear-Women
2128,arteastri,ARTEASTRI113,ARTEASTRI113 - Indianwear-Women
62,109f,DRW61,DRW61 - Westernwear-Women
296,adidas,ADIDAS129,ADIDAS129 - Westernwear-Women
2920,ayesha,AYESHA279,AYESHA279 - Jewellery-Women
1787,and,AND604,AND604 - Westernwear-Women
3496,campus sutra,CAMPUS SUTRA70,CAMPUS SUTRA70 - Westernwear-Women
2088,arteastri,ARTEASTRI73,ARTEASTRI73 - Indianwear-Women
683,allen solly,ALLEN SOLLY217,ALLEN SOLLY217 - Westernwear-Women
3442,campus sutra,CAMPUS SUTRA16,CAMPUS SUTRA16 - Westernwear-Women
1692,and,AND509,AND509 - Westernwear-Women
4386,coach,COACH16,COACH16 - Watches-Women
909,amante,AMANTE28,AMANTE28 - Lingerie&Nightwear-Women
2999,ayesha,AYESHA358,AYESHA358 - Jewellery-Women
130,aarke,AARKE14,AARKE14 - Indianwear-Women
3688,casio,CASIO122,CASIO122 - Watches-Women
716,allen solly tribe,ALLEN SOLLY TRIBE11,ALLEN SOLLY TRIBE11 - Westernwear-Women
2542,aurelia,AURELIA387,AURELIA387 - Indianwear-Women
2426,aurelia,AURELIA271,AURELIA271 - Indianwear-Women
553,allen solly,ALLEN SOLLY87,ALLEN SOLLY87 - Westernwear-Women
1580,and,AND397,AND397 - Westernwear-Women
342,adidas,ADIDAS175,ADIDAS175 - Footwear-Women
2265,aurelia,AURELIA110,AURELIA110 - Indianwear-Women
1978,arcelia,ARCELIA17,ARCELIA17 - Fragrance-Women
568,allen solly,ALLEN SOLLY102,ALLEN SOLLY102 - Westernwear-Women
2889,ayesha,AYESHA248,AYESHA248 - Jewellery-Women
1693,and,AND510,AND510 - Westernwear-Women
1735,and,AND552,AND552 - Westernwear-Women
1041,amante,AMANTE160,AMANTE160 - Lingerie&Nightwear-Women
3982,catwalk,CATWALK218,CATWALK218 - Footwear-Women
2455,aurelia,AURELIA300,AURELIA300 - Indianwear-Women
895,amante,AMANTE14,AMANTE14 - Lingerie&Nightwear-Women
343,adidas,ADIDAS176,ADIDAS176 - Footwear-Women
4128,clara,CLARA21,CLARA21 - Jewellery-Women
484,allen solly,ALLEN SOLLY18,ALLEN SOLLY18 - Westernwear-Women
1964,arcelia,ARCELIA3,ARCELIA3 - Fragrance-Women
163,abercrombie & fitch,AF2,AF2 - Fragrance-Women
605,allen solly,ALLEN SOLLY139,ALLEN SOLLY139 - Westernwear-Women
2498,aurelia,AURELIA343,AURELIA343 - Indianwear-Women
2337,aurelia,AURELIA182,AURELIA182 - Indianwear-Women
3367,biba,BIBA267,BIBA267 - Indianwear-Women
883,amante,AMANTE2,AMANTE2 - Lingerie&Nightwear-Women
630,allen solly,ALLEN SOLLY164,ALLEN SOLLY164 - Westernwear-Women
3237,biba,BIBA137,BIBA137 - Indianwear-Women
3783,catwalk,CATWALK19,CATWALK19 - Footwear-Women
2602,aurelia,AURELIA447,AURELIA447 - Indianwear-Women
239,adidas,ADIDAS72,ADIDAS72 - Westernwear-Women
1263,and,AND80,AND80 - Westernwear-Women
986,amante,AMANTE105,AMANTE105 - Lingerie&Nightwear-Women
1775,and,AND592,AND592 - Westernwear-Women
2530,aurelia,AURELIA375,AURELIA375 - Indianwear-Women
3483,campus sutra,CAMPUS SUTRA57,CAMPUS SUTRA57 - Westernwear-Women
3410,calvin klein,CALVIN KLEIN2,CALVIN KLEIN2 - Fragrance-Women
3229,biba,BIBA129,BIBA129 - Indianwear-Women
2468,aurelia,AURELIA313,AURELIA313 - Indianwear-Women
71,109f,DRW70,DRW70 - Westernwear-Women
441,ajmal,AJMAL24,AJMAL24 - Fragrance-Women
128,aarke,AARKE12,AARKE12 - Indianwear-Women
4132,clara,CLARA25,CLARA25 - Jewellery-Women
2425,aurelia,AURELIA270,AURELIA270 - Indianwear-Women
494,allen solly,ALLEN SOLLY28,ALLEN SOLLY28 - Westernwear-Women
94,109f,DRW93,DRW93 - Westernwear-Women
3517,campus sutra,CAMPUS SUTRA91,CAMPUS SUTRA91 - Westernwear-Women
1085,amazfit,AMAZFIT11,AMAZFIT11 - Watches-Women
1238,and,AND55,AND55 - Westernwear-Women
4038,ceriz,CERIZ37,CERIZ37 - Footwear-Women
3803,catwalk,CATWALK39,CATWALK39 - Footwear-Women
2794,ayesha,AYESHA153,AYESHA153 - Jewellery-Women
2448,aurelia,AURELIA293,AURELIA293 - Indianwear-Women
2444,aurelia,AURELIA289,AURELIA289 - Indianwear-Women
2313,aurelia,AURELIA158,AURELIA158 - Indianwear-Women
306,adidas,ADIDAS139,ADIDAS139 - Westernwear-Women
2351,aurelia,AURELIA196,AURELIA196 - Indianwear-Women
2595,aurelia,AURELIA440,AURELIA440 - Indianwear-Women
1228,and,AND45,AND45 - Westernwear-Women
2997,ayesha,AYESHA356,AYESHA356 - Jewellery-Women
406,adidas,ADIDAS239,ADIDAS239 - Footwear-Women
4473,cover story,COVER STORY65,COVER STORY65 - Westernwear-Women
419,ajmal,AJMAL2,AJMAL2 - Fragrance-Women
3904,catwalk,CATWALK140,CATWALK140 - Footwear-Women
4342,clovia,CLOVIA119,CLOVIA119 - Lingerie&Nightwear-Women
4431,cover story,COVER STORY23,COVER STORY23 - Westernwear-Women
661,allen solly,ALLEN SOLLY195,ALLEN SOLLY195 - Westernwear-Women
840,altlife,ALTLIFE120,ALTLIFE120 - Westernwear-Women
2745,ayesha,AYESHA104,AYESHA104 - Jewellery-Women
4014,ceriz,CERIZ13,CERIZ13 - Footwear-Women
12,109f,DRW11,DRW11 - Westernwear-Women
4289,clovia,CLOVIA66,CLOVIA66 - Lingerie&Nightwear-Women
1501,and,AND318,AND318 - Westernwear-Women
4052,ceriz,CERIZ51,CERIZ51 - Footwear-Women
3873,catwalk,CATWALK109,CATWALK109 - Footwear-Women
1631,and,AND448,AND448 - Westernwear-Women
776,altlife,ALTLIFE56,ALTLIFE56 - Westernwear-Women
713,allen solly tribe,ALLEN SOLLY TRIBE8,ALLEN SOLLY TRIBE8 - Westernwear-Women
2483,aurelia,AURELIA328,AURELIA328 - Indianwear-Women
3276,biba,BIBA176,BIBA176 - Indianwear-Women
3956,catwalk,CATWALK192,CATWALK192 - Footwear-Women
1194,and,AND11,AND11 - Westernwear-Women
3329,biba,BIBA229,BIBA229 - Indianwear-Women
2557,aurelia,AURELIA402,AURELIA402 - Indianwear-Women
4295,clovia,CLOVIA72,CLOVIA72 - Lingerie&Nightwear-Women
213,adidas,ADIDAS46,ADIDAS46 - Westernwear-Women
1907,anne klein,ANNE KLEIN15,ANNE KLEIN15 - Watches-Women
2047,arteastri,ARTEASTRI32,ARTEASTRI32 - Indianwear-Women
2551,aurelia,AURELIA396,AURELIA396 - Indianwear-Women
67,109f,DRW66,DRW66 - Westernwear-Women
3839,catwalk,CATWALK75,CATWALK75 - Footwear-Women
2111,arteastri,ARTEASTRI96,ARTEASTRI96 - Indianwear-Women
2478,aurelia,AURELIA323,AURELIA323 - Indianwear-Women
680,allen solly,ALLEN SOLLY214,ALLEN SOLLY214 - Westernwear-Women
336,adidas,ADIDAS169,ADIDAS169 - Footwear-Women
857,altlife,ALTLIFE137,ALTLIFE137 - Westernwear-Women
175,adidas,ADIDAS8,ADIDAS8 - Westernwear-Women
4126,clara,CLARA19,CLARA19 - Jewellery-Women
3429,campus sutra,CAMPUS SUTRA3,CAMPUS SUTRA3 - Westernwear-Women
3528,campus sutra,CAMPUS SUTRA102,CAMPUS SUTRA102 - Westernwear-Women
2209,aurelia,AURELIA54,AURELIA54 - Indianwear-Women
1340,and,AND157,AND157 - Westernwear-Women
2157,aurelia,AURELIA2,AURELIA2 - Indianwear-Women
3551,carolina herrera,CAROLINA HERRERA10,CAROLINA HERRERA10 - Fragrance-Women
4376,coach,COACH6,COACH6 - Watches-Women
2029,arteastri,ARTEASTRI14,ARTEASTRI14 - Indianwear-Women
4359,clovia,CLOVIA136,CLOVIA136 - Lingerie&Nightwear-Women
547,allen solly,ALLEN SOLLY81,ALLEN SOLLY81 - Westernwear-Women
2909,ayesha,AYESHA268,AYESHA268 - Jewellery-Women
1818,and,AND635,AND635 - Westernwear-Women
1171,amukti,AMUKTI81,AMUKTI81 - Indianwear-Women
1500,and,AND317,AND317 - Westernwear-Women
929,amante,AMANTE48,AMANTE48 - Lingerie&Nightwear-Women
2056,arteastri,ARTEASTRI41,ARTEASTRI41 - Indianwear-Women
773,altlife,ALTLIFE53,ALTLIFE53 - Westernwear-Women
3659,casio,CASIO93,CASIO93 - Watches-Women
1199,and,AND16,AND16 - Westernwear-Women
478,allen solly,ALLEN SOLLY12,ALLEN SOLLY12 - Westernwear-Women
1007,amante,AMANTE126,AMANTE126 - Lingerie&Nightwear-Women
1597,and,AND414,AND414 - Westernwear-Women
736,altlife,ALTLIFE16,ALTLIFE16 - Westernwear-Women
4483,cover story,COVER STORY75,COVER STORY75 - Westernwear-Women
126,aarke,AARKE10,AARKE10 - Indianwear-Women
880,altlife,ALTLIFE160,ALTLIFE160 - Westernwear-Women
1322,and,AND139,AND139 - Westernwear-Women
1809,and,AND626,AND626 - Westernwear-Women
1209,and,AND26,AND26 - Westernwear-Women
237,adidas,ADIDAS70,ADIDAS70 - Westernwear-Women
1050,amante,AMANTE169,AMANTE169 - Lingerie&Nightwear-Women
2882,ayesha,AYESHA241,AYESHA241 - Jewellery-Women
388,adidas,ADIDAS221,ADIDAS221 - Footwear-Women
2993,ayesha,AYESHA352,AYESHA352 - Jewellery-Women
1855,and,AND672,AND672 - Westernwear-Women
2177,aurelia,AURELIA22,AURELIA22 - Indianwear-Women
1654,and,AND471,AND471 - Westernwear-Women
2422,aurelia,AURELIA267,AURELIA267 - Indianwear-Women
