S.No,Brand Desc,Product Size,Currancy,MRP,SellPrice,Discount,Category
1635,striped rayon round neck womens regular fit top - yellow,Size:8,Rs.,1999,999,50% off,Westernwear-Women
1619,checks viscose square neck womens cropped top - sage,Size:14,Rs.,1699,1189,30% off,Westernwear-Women
1324,solid collar neck linen womens maxi dress - black,"Size:8,10,12,14,16",Rs.,8.9,3299,10% off,Westernwear-Women
2387,cotton round neck womens kurta set - orange,"Size:Medium,Small",Rs.,1999,1399,30% off,Indianwear-Women
4332,womens cotton rich non padded non wired t shirt bra - red,"Size:32-C,32-D,34-B,36-B,38-B",Rs.,599,299,50% off,Lingerie&Nightwear-Women
2350,dyed rayon womens ethnic set - peach,"Size:Large,Medium,Small,X-Large,X-Small,XX-Large",Rs.,4299,3009,30% off,Indianwear-Women
3553,womens 212 nyc eau de toilette 100 ml,Nan,Rs.,6900,5865,15% off,Fragrance-Women
3156,printed v neck cotton womens kurta pants - pink,"Size:34,36,38,40,42,46",Rs.,3999,2399,40% off,Indianwear-Women
4097,artificial leather womens ballerinas - mustard,"Size:36,38",Rs.,1799,899,50% off,Footwear-Women
661,printed polyester keyhole womens top - navy,Size:X-Small,Rs.,8.9,1499,10% off,Westernwear-Women
1323,floral cotton square neck womens straight top - lemon,"Size:8,10,12,14,16,18",Rs.,1699,1359,20% off,Westernwear-Women
4436,solid rayon nylon spandex sweetheart neck womens dress - blue,"Size:Large,Medium,Small,X-Large,X-Small",Rs.,2890,2023,30% off,Westernwear-Women
4561,solid cotton linen blend womens jumpsuits - natural,"Size:Large,Medium,Small,X-Large",Rs.,1999,1199,40% off,Westernwear-Women
3898,fabric buckle womens casual wear sandals - black,"Size:5,6,7",Rs.,2595,2076,20% off,Footwear-Women
2944,womens metallic gold bar studded diamante tassel drop western earrings - yellow,Nan,Rs.,798,399,50% off,Jewellery-Women
4118,womens 925 sterling silver valentine mangalsutra tanmaniya pendant with chain,Nan,Rs.,1799,1709,5% off,Jewellery-Women
4153,925 sterling silver rhodium plated swiss zirconia cute ring with adjustable band gift,Nan,Rs.,1699,1614,5% off,Jewellery-Women
1922,womens brown dial metallic analogue watch - nbak3001rgbn,Nan,Rs.,9499,6649,30% off,Watches-Women
3557,womens 212 vip rose eau de parfum 50 ml,Nan,Rs.,5500,4675,15% off,Fragrance-Women
4542,solid cotton round neck womens sweater - fuchsia,"Size:Large,Medium,Small,X-Large,X-Small",Rs.,1890,1134,40% off,Westernwear-Women
4334,womens non-padded bra - natural,"Size:32-B,32-C,36-C",Rs.,599,359,40% off,Lingerie&Nightwear-Women
244,stripes slim cotton womens casual wear pants - grey,"Size:Large,Medium,Small,X-Large",Rs.,2799,1959,30% off,Westernwear-Women
2423,printed crepe round neck womens flared dress - natural,"Size:Large,Medium,Small,X-Small",Rs.,8.9,1699,10% off,Indianwear-Women
2638,dyed cotton round neck womens ethnic set - red,"Size:Large,Medium,Small,X-Large,X-Small,XX-Large",Rs.,8.9,1999,10% off,Indianwear-Women
920,womens lightly padded wirefree seamless comfort t-shirt bra - natural,"Size:32-B,32-C,32-D,34-B,34-C,34-D,36-B,36-C,36-D,38-C,38-D,40-C,40-D",Rs.,0.5,895,10% off,Lingerie&Nightwear-Women
3522,womens solid high neck jacket - black,"Size:Large,Medium,X-Large",Rs.,8.9,2699,10% off,Westernwear-Women
1824,solid polyester boat neck womens a-line top - black,"Size:8,10",Rs.,1499,749,50% off,Westernwear-Women
3789,fabric velcro womens casual wear ballerinas - black,"Size:4,5,6,7,8",Rs.,2795,1397,50% off,Footwear-Women
3252,printed band collar straight fit womens kurta - sea green,"Size:32,36",Rs.,1999,1399,30% off,Indianwear-Women
1727,solid polyester collar neck women regular tops - navy,"Size:8,10,12,14,16",Rs.,1899,949,50% off,Westernwear-Women
3424,everyone 6.7 fl oz 200ml eau de toilette,Nan,Rs.,0,5500,10% off,Fragrance-Women
919,non-wired fixed strap non padded womens t-shirt bra - midnight,"Size:Large,Medium,Small,X-Large",Rs.,4.5,1595,10% off,Lingerie&Nightwear-Women
382,synthetic slipon womens athleisure flats - blue,"Size:4,5,6,7",Rs.,8.9,1299,10% off,Footwear-Women
3017,mens metallic black classic shaped black lenses aviator sunglasses,Nan,Rs.,7.8,1298,10% off,Jewellery-Women
3444,solid off shoulder crepe womens dresses - royal blue,"Size:Large,Medium,Small,X-Large",Rs.,8.9,1999,10% off,Westernwear-Women
4154,925 sterling silver rhodium plated swiss zirconia royal blue eye ring with adjustable band gift,Nan,Rs.,1999,1899,5% off,Jewellery-Women
1954,womens her golden secret eau de toilette 80 ml,Nan,Rs.,2300,1610,30% off,Fragrance-Women
1280,floral viscose square neck womens flared dress - purple,"Size:8,10,12,14,16,18",Rs.,2999,1949,35% off,Westernwear-Women
1940,womens white dial metallic analogue watch - ak3548lprg,Nan,Rs.,13250,9275,30% off,Watches-Women
3975,fabric slipon womens work wear wedges - black,"Size:4,5,6,7,8,9",Rs.,2395,1916,20% off,Footwear-Women
3118,printed cotton round neck womens salwar kurta dupatta set - blue,"Size:32,34,36,38,42",Rs.,3599,2159,40% off,Indianwear-Women
1131,floral round neck regular fit womens kurti - maroon,Size:XXX-Large,Rs.,1299,909,30% off,Indianwear-Women
1261,solid viscose round neck womens regular top - yellow,"Size:8,10,12,14,16,18",Rs.,1899,1519,20% off,Westernwear-Women
1408,floral linen round neck womens straight dress - powder blue,"Size:8,10,12,14,16,18",Rs.,3099,2479,20% off,Westernwear-Women
2998,metallic gold-toned sequin mask chain or sunglass chain,Nan,Rs.,698,349,50% off,Jewellery-Women
4398,womens eau de toilette 90 ml,Nan,Rs.,0,5500,10% off,Fragrance-Women
136,printed polyester blend collar neck womens shirt blouse - blue,Size:Small,Rs.,2860,2600,10% off,Indianwear-Women
3548,womens good girl eau de parfum legere 80 ml,Nan,Rs.,0,7600,10% off,Fragrance-Women
1030,blended intimatewear womens bikini briefs - old rose,"Size:Large,X-Large",Rs.,0.5,545,10% off,Lingerie&Nightwear-Women
2408,round neck viscose flared designer womens dresses - red,"Size:Large,Medium,Small,X-Large,X-Small",Rs.,2799,1959,30% off,Indianwear-Women
4230,womens spaghetti neck self pattern babydoll - pink,"Size:Large,Medium,X-Large",Rs.,999,699,30% off,Lingerie&Nightwear-Women
2152,regular length cotton woven womens jamdani dupatta - brown,Nan,Rs.,5,2350,10% off,Indianwear-Women
2112,shibori silk fusion wear womens saree - grey,Nan,Rs.,0,4900,10% off,Indianwear-Women
2263,printed polyester womens straight kurta - pink,"Size:Large,Medium,Small,X-Large,X-Small,XX-Large",Rs.,999,699,30% off,Indianwear-Women
1395,solid polyester round neck women straight top - peach,"Size:8,10,14,16,18",Rs.,1499,749,50% off,Westernwear-Women
3801,womens studded see-through slip ons - natural,"Size:4,5,6,7,8,9",Rs.,2095,1047,50% off,Footwear-Women
9,womens round neck solid shift dress - black,Size:Medium,Rs.,1799,719,60% off,Westernwear-Women
1893,womens blue stainless steel analogue watch  - ak3001gpbl,Nan,Rs.,9499,5699,40% off,Watches-Women
1317,solid straight fit polyester womens trousers - black,"Size:26,28,30,32,34,36",Rs.,8.9,2499,10% off,Westernwear-Women
2245,printed viscose regular fit womens palazzo - peach,"Size:Large,Medium,Small,X-Large,XX-Large",Rs.,1199,839,30% off,Indianwear-Women
3626,womens 40-49 mm sheen rose gold silver & white dial metal analogue-digital watch - sx167,Nan,Rs.,9995,6996,30% off,Watches-Women
1525,solid v neck polyester womens midi dress - multi,"Size:6,8,10,12,14,16",Rs.,8.9,2499,10% off,Westernwear-Women
4545,solid round neck polyester women shift women dress - navy,"Size:Small,X-Small",Rs.,2490,1494,40% off,Westernwear-Women
491,solid v-neck polyester womens fit and flare dress - grey,"Size:Large,Medium,Small,X-Large,XX-Large",Rs.,2799,1679,40% off,Westernwear-Women
1021,blended intimatewear womens bikini briefs - mixed neutrals,"Size:Large,Small,X-Large",Rs.,0.5,895,10% off,Lingerie&Nightwear-Women
712,solid regular fit polyester cotton womens active wear shorts - black,"Size:28,30,32,34,36",Rs.,8.9,1299,10% off,Westernwear-Women
239,stripes cotton regular fit womens tights - grey,"Size:110,116,128,140",Rs.,2699,1889,30% off,Westernwear-Women
3633,round analog wall clock - iq-71-9df,Nan,Rs.,4.5,1995,10% off,Watches-Women
1010,non wired removable straps non padded womens every day bra - feather grey,"Size:32-B,32-C,32-D,34-B,34-C,36-B,36-C,36-D,38-B,38-C,38-D,40-C,40-D",Rs.,695,417,40% off,Lingerie&Nightwear-Women
3464,womens long sleeves solid sweatshirt - maroon,Size:Medium,Rs.,8.9,1399,10% off,Westernwear-Women
3964,fabric slip on womens casual mules - multi,"Size:5,6,7",Rs.,2595,1297,50% off,Footwear-Women
3986,polyurethane slipon womens casual loafers - brown,"Size:5,6,7",Rs.,2895,1447,50% off,Footwear-Women
1532,solid v-neck womens fit & flare top - black,"Size:8,10,14,16",Rs.,1499,749,50% off,Westernwear-Women
3288,yarndyed round neck a-line womens kurta - red,"Size:32,34,36,38,40",Rs.,1999,1199,40% off,Indianwear-Women
2857,womens metallic gold hollow circle stud western earrings - multi,Nan,Rs.,398,199,50% off,Jewellery-Women
3715,womens enticer two tone dial stainless steel analogue watch - a1595,Nan,Rs.,5495,3846,30% off,Watches-Women
3154,printed cotton round neck womens straight fit kurta - off white,"Size:32,34,36,38",Rs.,5995,4196,30% off,Indianwear-Women
1974,womens crazy crush eau de parfum 100 ml,Nan,Rs.,1495,1196,20% off,Fragrance-Women
1696,womens striped fit and flare dress - black mix,Size:8,Rs.,8.9,2999,10% off,Westernwear-Women
2824,womes gold plated earring,Nan,Rs.,698,349,50% off,Jewellery-Women
514,prints round neck viscose womens regular dress - ltgrey,"Size:Large,Medium,Small,X-Small",Rs.,2499,1499,40% off,Westernwear-Women
3704,womens enticer rose gold dial stainless steel analogue watch - a1590,Nan,Rs.,4995,3496,30% off,Watches-Women
2219,elfino chiffon woven womens dupatta - pink,Nan,Rs.,699,419,40% off,Indianwear-Women
1135,embroidered rayon womens kurta - grey,Size:Small,Rs.,1299,649,50% off,Indianwear-Women
2959,womens metallic silver long chain with ring charm drop western earrings - multi,Nan,Rs.,198,99,50% off,Jewellery-Women
3208,printed band collar polyester womens flared dress - grey,"Size:34,36,38,40",Rs.,2999,1799,40% off,Indianwear-Women
3669,womens baby-g resin analogue-digital watch - bgs-100-1adr,Nan,Rs.,6995,4896,30% off,Watches-Women
4355,womens slub boxer shorts - grey,"Size:Large,Medium,Small,X-Large,XX-Large",Rs.,499,349,30% off,Lingerie&Nightwear-Women
143,embroidered cotton blend round neck womens ethnic set - turquoise,"Size:Medium,Small,X-Large",Rs.,,5500,10% off,Indianwear-Women
1517,womens regular fit solid trousers - navy,Size:26,Rs.,1799,899,50% off,Westernwear-Women
842,solid cotton regular neck womens t-shirt - grey melange,"Size:Large,Medium,Small,X-Large,X-Small,XX-Large",Rs.,499,249,50% off,Westernwear-Women
579,solid regular fit rayon womens formal wear trousers - charcoal,"Size:26,28,30,34",Rs.,1599,959,40% off,Westernwear-Women
4279,womens lace low waist bikini panty - red,"Size:Medium,XX-Large",Rs.,599,239,60% off,Lingerie&Nightwear-Women
1412,solid polyester round neck womens flared top - pink,"Size:6,8,10,12,14,16",Rs.,1699,1359,20% off,Westernwear-Women
754,printed cotton round neck womens active wear t-shirt - anthra,"Size:Large,Medium,Small,X-Large,X-Small",Rs.,399,199,50% off,Westernwear-Women
1742,self pattern viscose shirt collar women's formal wear tops - pink mix,Size:12,Rs.,2099,1049,50% off,Westernwear-Women
3609,unisex silver dial stainless steel digital watch,Nan,Rs.,2695,2156,20% off,Watches-Women
3217,printed cotton v-neck womens salwar kurta dupatta set - bluesteel,"Size:32,34,36,38,40,42",Rs.,4899,3429,30% off,Indianwear-Women
2942,womens circular linked pendant oversized necklace - multi,Nan,Rs.,1198,599,50% off,Jewellery-Women
1346,solid cotton round neck womens dress - green,"Size:8,10,12",Rs.,3099,2789,10% off,Westernwear-Women
4176,leather slip on womens casual sandals - orange,"Size:4,5,6,7,8",Rs.,5499,3849,30% off,Footwear-Women
4009,pu slip on womens casual sandals - baby pink,"Size:35,36,37,38,39",Rs.,1999,1199,40% off,Footwear-Women
743,printed cotton regular neck womens t-shirt - lime green,"Size:Large,Medium,Small,X-Large,X-Small,XX-Large",Rs.,499,249,50% off,Westernwear-Women
3367,yarndyed band collar flared womens kurta - multi,Size:42,Rs.,1999,1199,40% off,Indianwear-Women
4094,artificial leather open toe womens casual sandals - blue,"Size:38,39",Rs.,1999,999,50% off,Footwear-Women
1006,non wired fixed straps non padded womens every day bra - natural,"Size:34-B,34-C,36-B,36-C,38-B",Rs.,895,537,40% off,Lingerie&Nightwear-Women
4524,solid round neck cotton spandex womens t-shirt - white,Size:Small,Rs.,1190,690,42% off,Westernwear-Women
3279,yarn dyed cotton round neck womens ethnic set - black,"Size:32,34,36,38",Rs.,3299,1979,40% off,Indianwear-Women
3840,womens color splash sandals - multi,"Size:4,5,6,7",Rs.,2095,1047,50% off,Footwear-Women
4150,mens pure 925 sterling silver monte adjustable ring,Nan,Rs.,1699,1614,5% off,Jewellery-Women
2063,jamdani silk handloom festive womens saree - cream,Nan,Rs.,20,11200,10% off,Indianwear-Women
3639,womens outdoor rose gold dial metallic analogue watch - sh206,Nan,Rs.,10995,7696,30% off,Watches-Women
293,cotton round neck womens t-shirt - white,"Size:92,98,104,110,116,122,128,134,140",Rs.,8.9,1399,10% off,Westernwear-Women
3568,unisex vintage rose gold dial digital watch - wcad217,Nan,Rs.,4895,4405,10% off,Watches-Women
3734,womens 41 mm baby-g white dial resin analog-digital watch,Nan,Rs.,8495,7645,10% off,Watches-Women
1901,womens rose gold dial analogue watch - nbak1906rgrg,Nan,Rs.,48.9,9499,10% off,Watches-Women
1312,solid polyester v neck womens straight top - pink,"Size:8,10,12,14,16,18",Rs.,2299,1839,20% off,Westernwear-Women
2870,womens metallic gold crystal studded diamante tassel drop western statement earrings - yellow,Nan,Rs.,1298,649,50% off,Jewellery-Women
4466,solid poly spandex regular fit womens casual trousers - black,"Size:26,32",Rs.,1590,954,40% off,Westernwear-Women
1592,floral polyester square neck womens regular fit top - multi,Size:16,Rs.,1799,899,50% off,Westernwear-Women
848,solid polyester blend ankle length womens active wear joggers - olive,"Size:28,30,32,34,36",Rs.,1299,649,50% off,Westernwear-Women
4458,solid cotton poly elastane square neck womens t-shirt - black,"Size:Large,Medium,Small,X-Large,X-Small",Rs.,1290,903,30% off,Westernwear-Women
1840,solid cotton round neck women regular top - pink,"Size:8,10,12,14,16,18",Rs.,2699,2159,20% off,Westernwear-Women
3275,solid band collar straight womens kurti - coral,Size:34,Rs.,1299,649,50% off,Indianwear-Women
3675,womens 45-55 mm grey dial resin analogue-digital watch - b220,Nan,Rs.,8495,6796,20% off,Watches-Women
1970,womens fierce flame eau de parfum 100 ml,Nan,Rs.,1495,1196,20% off,Fragrance-Women
1878,solid chiffon round neck womens ethnic set - black,"Size:10,12,14",Rs.,3699,2589,30% off,Indianwear-Women
4420,solid regular fit polyester womens trousers - rust,"Size:26,28,30,32,34",Rs.,2990,2093,30% off,Westernwear-Women
4172,synthetic leather slip on womens casual sandals,"Size:4,5,6,7,8",Rs.,8.9,4999,10% off,Footwear-Women
869,regular fit thigh length cotton womens active wear shorts - mint,"Size:28,30,32,34,36",Rs.,0.9,499,10% off,Westernwear-Women
1116,floral mandarin regular fit womens kurti - blue,"Size:Small,X-Large,XXX-Large",Rs.,1299,909,30% off,Indianwear-Women
4029,polyurethane round toe womens casual ballerinas - sage,"Size:35,36,37,38,39,40",Rs.,8.9,2099,10% off,Footwear-Women
1305,solid viscose round neck womens straight top - orange,"Size:8,10,12,14,16",Rs.,2699,1349,50% off,Westernwear-Women
1052,printed cotton low rise womens bikini panty - blackout,"Size:Large,Medium,Small,XX-Large",Rs.,0.5,545,10% off,Lingerie&Nightwear-Women
2059,embroidered cotton regular fit womens work wear stole - maroon,Nan,Rs.,0,1600,10% off,Indianwear-Women
3629,womens enticer leather analogue watch - a1496,Nan,Rs.,3995,2796,30% off,Watches-Women
1557,floral full sleeves viscose women calf length jumpsuits - blue,"Size:8,12,14",Rs.,3299,2144,35% off,Westernwear-Women
4317,womens cotton rich non-padded non-wired multiway t-shirt bra - red,"Size:32-B,32-C,32-D,34-B,34-C,36-B,36-C,36-D,38-B,38-C,40-B",Rs.,599,359,40% off,Lingerie&Nightwear-Women
1435,floral round neck polyester womens casual dress - multi,"Size:10,12,14,16",Rs.,2799,1399,50% off,Westernwear-Women
678,regular fit full length polyester cotton womens jeans - mid blue,Size:30,Rs.,2499,1499,40% off,Westernwear-Women
676,textured polyester round neck womens regular top - maroon,"Size:Large,Medium,Small,X-Large,X-Small,XX-Large",Rs.,1899,1139,40% off,Westernwear-Women
2532,printed cotton round neck womens flared dress - pink,"Size:Large,Medium,Small,X-Large,X-Small,XX-Large",Rs.,8.9,2999,10% off,Indianwear-Women
1959,womens seduction doses blue seduction woman eau de toilette megaspritzer 30 ml,Nan,Rs.,595,535,10% off,Fragrance-Women
1190,solid round neck polyester womens straight top - black,"Size:8,10,12,14",Rs.,2699,2159,20% off,Westernwear-Women
505,textured cotton regular fit womens casual pants - pink,"Size:26,28,30,32,34,36",Rs.,2299,1499,35% off,Westernwear-Women
2659,womens sea green viscose half lurex scarf with tassels - multi,Nan,Rs.,7.8,1298,10% off,Indianwear-Women
955,womens lace non padded non wired beginners bra - rose,"Size:Large,Medium",Rs.,1395,697,50% off,Lingerie&Nightwear-Women
289,solid polyester fitted womens casual tights - pink,"Size:Large,Medium,Small,X-Large,X-Small",Rs.,2999,2099,30% off,Westernwear-Women
245,printed cotton round neck womens t-shirt - green,"Size:Medium,X-Small",Rs.,1199,839,30% off,Westernwear-Women
4411,regular fit polyester womens casual trousers - pink,"Size:26,28,30,32,34",Rs.,2590,1813,30% off,Westernwear-Women
2356,band with placket cotton womens knee length kurta - yellow,"Size:Large,Medium,Small,X-Large,X-Small",Rs.,8.9,1199,10% off,Indianwear-Women
563,solid cotton regular fit womens face mask - pack of 3 - pink,Nan,Rs.,0.9,599,10% off,Westernwear-Women
1137,ankle length cotton womens kurta - green,Size:Small,Rs.,1999,999,50% off,Indianwear-Women
4339,womens cotton rich non-padded non-wired bra with lace - maroon,Size:32-C,Rs.,599,239,60% off,Lingerie&Nightwear-Women
3751,womens 30-39 mm sheen beige dial leather analogue watch - sh241,Nan,Rs.,10995,9895,10% off,Watches-Women
3206,printed round neck a-line womens kurti - multi,"Size:32,34,36,38,40,42",Rs.,1799,899,50% off,Indianwear-Women
1129,solid rayon womens kurta - blue,"Size:Medium,Small",Rs.,1599,799,50% off,Indianwear-Women
1667,tie and dye polyester halter neck womens regular dress - blue mix light,"Size:8,10,12,14",Rs.,2699,2159,20% off,Westernwear-Women
3518,printed round neck cotton womens sweatshirt - pink,Size:Small,Rs.,8.9,1699,10% off,Westernwear-Women
4098,checks cotton shirt collar boys shirt - white,Size:13-14Y,Rs.,990,841,15% off,Westernwear-Women
318,non wired halter strap non padded womens every day bra - old rose,"Size:36-C,36-D,38-B,40-D,40-DD,42-D,42-DD",Rs.,8.9,1199,10% off,Lingerie&Nightwear-Women
3336,printed band collar cotton womens straight fit dress - red,"Size:32,34,36,38",Rs.,3999,2399,40% off,Indianwear-Women
4415,solid polyester regular womens casual wear trousers - mint,"Size:26,28,30,32,34",Rs.,2590,1813,30% off,Westernwear-Women
1223,solid round neck polyester womens flared dresses - navy,"Size:8,10,12,14,16,18",Rs.,3099,2479,20% off,Westernwear-Women
1894,womens mother of pearl dial ceramic analogue watch - nbak1018rgmv,Nan,Rs.,10750,7525,30% off,Watches-Women
4066,pu zipper womens casual boots - brown,"Size:37,38",Rs.,2699,1619,40% off,Footwear-Women
886,womens solid padded wired t-shirt bra - black,"Size:32-B,32-C,32-D,34-B,34-D,34-DD,36-B,36-C,36-D,36-DD,38-C,38-D,40-C,40-D",Rs.,995,597,40% off,Lingerie&Nightwear-Women
590,solid cotton womens casual t-shirt - mid blue,"Size:Large,Medium,Small,X-Large,X-Small,XX-Large",Rs.,1299,779,40% off,Westernwear-Women
23,womens round neck textured maxi dress - black,"Size:Large,Small",Rs.,2899,1159,60% off,Westernwear-Women
237,printed cotton round neck womens t-shirt - orange,"Size:Large,Medium,Small,X-Large",Rs.,1999,1399,30% off,Westernwear-Women
3448,solid regular cotton womens casual wear co-ordinate - grey,"Size:Large,Medium,Small,X-Large",Rs.,8.9,1599,10% off,Westernwear-Women
3855,womens criss cross metallic slip ons - bronze,Size:5,Rs.,2295,1047,54% off,Footwear-Women
2353,dyed regular length cotton woven womens dupatta - pink,Nan,Rs.,799,479,40% off,Indianwear-Women
1792,solid polyester square neck womens peplum top - silver grey,"Size:8,10,12,14",Rs.,1699,1359,20% off,Westernwear-Women
4384,womens preston white dial stainless steel analogue watch - ncco14503776w,Nan,Rs.,94.5,21995,10% off,Watches-Women
2956,oval charms pendant chunky chain-link layered necklace,Nan,Rs.,1198,599,50% off,Jewellery-Women
4414,solid cotton round neck womens regular dress - pink,"Size:Large,Medium,Small,X-Large,X-Small",Rs.,2890,1734,40% off,Westernwear-Women
1892,womens chic connect fragrance mist 200 ml,Nan,Rs.,,400,10% off,Fragrance-Women
2473,yarn dyed rayan zari womens festive culottes - navy,Size:Small,Rs.,1499,899,40% off,Indianwear-Women
3355,solid embroidered polyester band collar womens salwar kurta dupatta set - black,"Size:32,34,36,38,40",Rs.,4995,3496,30% off,Indianwear-Women
257,solid polyester round neck womens t-shirt - purple,Size:Large,Rs.,2299,1609,30% off,Westernwear-Women
310,printed polyester knit womens sports bra - grey,"Size:Large,Medium,Small,X-Large,X-Small",Rs.,2799,1959,30% off,Lingerie&Nightwear-Women
2672,purple star printed silk scarf,Nan,Rs.,0.8,898,10% off,Indianwear-Women
522,solid polyester regular fit womens casual pants - navy,"Size:28,30,32,34",Rs.,1999,1499,25% off,Westernwear-Women
4207,leather lace up womens casual pumps - natural,"Size:4,5,6,7,8",Rs.,8499,5099,40% off,Footwear-Women
3008,womens black bar pendant with tassel charm ethnic tribal statement necklace - multi,Nan,Rs.,898,449,50% off,Jewellery-Women
900,womens solid padded non wired t-shirt bra - persian blue,"Size:32-B,32-C,32-D,34-B,34-C,34-D,36-B,36-C,36-D,38-C,38-D,40-C,40-D",Rs.,1045,731,30% off,Lingerie&Nightwear-Women
378,textile lace up mens casual shoes - grey,"Size:4,5",Rs.,8.9,4299,10% off,Footwear-Women
2324,printed band with placket straight womens kurta - orange,Size:X-Large,Rs.,2199,1099,50% off,Indianwear-Women
2918,womens square stone encrusted ring - multi,Nan,Rs.,398,119,70% off,Jewellery-Women
2902,womens black metallic silver studded adjustable wrap-around leather bracelet - multi,Nan,Rs.,698,349,50% off,Jewellery-Women
1733,midi linen womens shorts - mid blue,Size:26,Rs.,1699,849,50% off,Westernwear-Women
1466,solid cotton round neck womens regular dress - multi,Size:10,Rs.,2799,1959,30% off,Westernwear-Women
315,printed polyester knit womens sports bra - pink,"Size:Large,Medium,Small,X-Large",Rs.,1799,1259,30% off,Lingerie&Nightwear-Women
1152,printed cotton womens kurta - natural,"Size:Medium,XX-Large",Rs.,1999,999,50% off,Indianwear-Women
441,unisex persuade deodorant aromatic fragrance 200ml,Nan,Rs.,0.9,299,10% off,Fragrance-Women
1788,stripes v neck polyester womens regular fit top - peach,"Size:8,10,12,14",Rs.,1699,1104,35% off,Westernwear-Women
906,womens solid medium coverage bra - sand,"Size:32-B,32-C,34-B,36-C,36-D,38-C",Rs.,1045,940,10% off,Lingerie&Nightwear-Women
1112,printed rayon womens kurta - white,"Size:Medium,Small,XX-Large",Rs.,1599,799,50% off,Indianwear-Women
452,womens solid t-shirt - black,"Size:Medium,Small,X-Large",Rs.,8.9,999,10% off,Westernwear-Women
2383,mandarin straight designer womens kurtas - grey,"Size:Large,Medium,Small,X-Large,X-Small,XX-Large",Rs.,999,699,30% off,Indianwear-Women
4104,ladies watch ex0294-58h,Nan,Rs.,0,7900,10% off,Watches-Women
3229,printed cotton round neck womens churidar kurta dupatta set - maroon,"Size:32,34,38,40",Rs.,3599,2519,30% off,Indianwear-Women
1337,solid polyester round neck womens regular gown - emerald,Size:10,Rs.,5299,3444,35% off,Westernwear-Women
1478,solid collar neck viscose womens flared dresses - yellow,"Size:8,10,12,14,16,18",Rs.,2499,1999,20% off,Westernwear-Women
2368,dyed cotton round neck womens above knee kurta - blue,"Size:Large,Medium,Small,X-Large,X-Small,XX-Large",Rs.,1049,734,30% off,Indianwear-Women
946,womens printed medium coverage bra - red,"Size:32-C,36-B,36-C,36-D,38-B,38-C",Rs.,1045,627,40% off,Lingerie&Nightwear-Women
2377,printed polyester blend womens straight kurta - blue,"Size:Medium,Small,X-Large,XX-Large",Rs.,8.9,1599,10% off,Indianwear-Women
434,unisex distraction deodorant spicy fragrance 200ml,Nan,Rs.,0.9,299,10% off,Fragrance-Women
608,solid cotton round neck womens top - yellow,"Size:Large,Medium,Small,X-Large,X-Small,XX-Large",Rs.,1699,1499,12% off,Westernwear-Women
960,abstract cotton low rise womens hipster panty - blue mix light,"Size:Large,Medium,Small,XX-Large",Rs.,9.5,945,10% off,Lingerie&Nightwear-Women
4032,polyurethane round toe womens sneakers - white,"Size:35,36,37,38,39,40,41",Rs.,2499,1749,30% off,Footwear-Women
925,womens lightly padded wirefree seamless comfort t-shirt bra - white,"Size:32-B,32-C,32-D,34-B,34-C,34-D,36-B,36-C,36-D,38-C,38-D,40-C,40-D",Rs.,895,626,30% off,Lingerie&Nightwear-Women
1401,floral square neck polyester women flared dress - black,"Size:8,10,12,14,16,18",Rs.,2899,2029,30% off,Westernwear-Women
4131,womens 925 sterling silver 7 stone mangalsutra tanmaniya pendant with chain,Nan,Rs.,2199,2089,5% off,Jewellery-Women
2663,ethnic embroidered motif scarf,Nan,Rs.,7.8,3598,10% off,Indianwear-Women
1171,ankle length rayon womens kurta - navy,Size:Medium,Rs.,1499,749,50% off,Indianwear-Women
3052,gold finish layered necklace,Nan,Rs.,0.9,599,10% off,Jewellery-Women
1161,geometric cotton mandarin collar womens straight kurta - orange,Size:Small,Rs.,1299,909,30% off,Indianwear-Women
1187,solid boat neck polyester womens straight dresses - multi,"Size:6,8,10,12,14,16",Rs.,2499,1999,20% off,Westernwear-Women
3371,printed polyester shirt collar womens palazzo kurta dupatta set - red,Size:34,Rs.,5995,3597,40% off,Indianwear-Women
309,solid polyester regular fit womens sports bra - black,"Size:Large,Medium,Small,X-Large,X-Small",Rs.,2999,1499,50% off,Lingerie&Nightwear-Women
4194,suede slipon womens casual pumps - black,"Size:4,5,6,7",Rs.,5499,2749,50% off,Footwear-Women
1334,floral polyester round neck womens top - white,"Size:8,10,14",Rs.,2099,1469,30% off,Westernwear-Women
4259,3 pcs printed satin nightwear - pink,Nan,Rs.,1999,799,60% off,Lingerie&Nightwear-Women
1796,solid regular linen women work wear trouser - blue mix light,Size:26,Rs.,8.9,2299,10% off,Westernwear-Women
4324,womens cotton rich non-padded non-wired striped bra - orange,"Size:32-B,32-C",Rs.,599,239,60% off,Lingerie&Nightwear-Women
3123,jacquard mandarin cotton womens flared dress - lemon,"Size:32,34,36,38,40,42",Rs.,2799,1679,40% off,Indianwear-Women
3433,womens polo neck full sleeve shirt - brown mix,Size:Small,Rs.,8.9,1399,10% off,Westernwear-Women
1392,solid acrylic round neck womens straight dress - yellow,"Size:12,14,16,18",Rs.,3499,1749,50% off,Westernwear-Women
2933,ethnic gold peacock drop earrings,Nan,Rs.,998,299,70% off,Jewellery-Women
1044,womens printed hipster briefs - coral,Size:Small,Rs.,495,272,45% off,Lingerie&Nightwear-Women
3213,solid round neck rayon womens kurta pants - peacock,"Size:32,34,36,38,40,42",Rs.,2599,1819,30% off,Indianwear-Women
4455,solid polyester round neck womens sweatshirt - pink,"Size:Large,Medium,Small,X-Large",Rs.,1990,995,50% off,Westernwear-Women
800,solid cotton ankle length womens active wear joggers - grey melange,"Size:28,30,32,34,36",Rs.,899,449,50% off,Westernwear-Women
3308,printed round neck straight fit womens kurti - mustard,Size:34,Rs.,1499,749,50% off,Indianwear-Women
1781,solid polyester v-neck womens shift top - pink,Size:8,Rs.,1699,1189,30% off,Westernwear-Women
2298,yarn dyed band with placket straight womens kurta - peach,Size:Large,Rs.,1499,749,50% off,Indianwear-Women
413,textile lace up womens sports shoes - pink,"Size:4,5,6,7",Rs.,8.9,5599,10% off,Footwear-Women
1937,womens grey dial metallic analogue watch - nbak3158tprg,Nan,Rs.,10750,6450,40% off,Watches-Women
2049,regular length cotton woven handloom womens dupatta - navy,Nan,Rs.,0,2400,10% off,Indianwear-Women
3116,embroidred v neck poly cotton womens kurta pants set - blue,"Size:32,34,36,38,42",Rs.,3999,2799,30% off,Indianwear-Women
529,solid cotton round neck womens top - orange,"Size:Large,Medium,Small,X-Large",Rs.,1699,1019,40% off,Westernwear-Women
3458,printed cotton round neck womens top - pink,"Size:Medium,Small,X-Large",Rs.,8.9,999,10% off,Westernwear-Women
486,solid polyester v neck womens shirt - pink,"Size:Large,Medium,Small,X-Large,X-Small,XX-Large",Rs.,1699,1359,20% off,Westernwear-Women
4252,tshirt bra with add-on support - off white,"Size:32-C,34-C",Rs.,342,205,40% off,Lingerie&Nightwear-Women
746,printed polyester blend regular neck womens t-shirt - black,"Size:Large,Medium,Small,X-Large,X-Small,XX-Large",Rs.,599,299,50% off,Westernwear-Women
729,printed cotton round neck womens active wear t-shirt - black,"Size:Large,Medium,Small,X-Large,X-Small,XX-Large",Rs.,399,199,50% off,Westernwear-Women
2304,solid viscose v-neck womens above knee kurta - pink,"Size:Small,X-Large,X-Small,XX-Large",Rs.,8.9,1599,10% off,Indianwear-Women
4231,women backless multiway cotton bra - black,Size:34-C,Rs.,599,359,40% off,Lingerie&Nightwear-Women
2839,ethnic gold pearl drop earrings,Nan,Rs.,1298,389,70% off,Jewellery-Women
810,colour block cotton regular neck womens t-shirt - white,"Size:Large,Medium,Small,X-Large,X-Small,XX-Large",Rs.,499,249,50% off,Westernwear-Women
2740,oversized handcrafted ethnic gold ghungroo hook circular drop earrings,Nan,Rs.,398,199,50% off,Jewellery-Women
3643,womens enticer black dial steel analogue watch - a1798,Nan,Rs.,6995,5596,20% off,Watches-Women
3006,womens metallic silver western long chain earrings with a shiny diamante studded black stone ball - multi,Nan,Rs.,698,349,50% off,Jewellery-Women
3374,round neck cotton straight fit womens dresses - carbon,"Size:34,36,38,40",Rs.,3299,2639,20% off,Indianwear-Women
1482,floral linen square neck womens straight top - white,"Size:8,10,12,14,16,18",Rs.,2299,1839,20% off,Westernwear-Women
2131,jamdani cotton party wear womens saree - navy,Nan,Rs.,0,4500,10% off,Indianwear-Women
2605,printed polyester womens a line kurta - multi,Size:Medium,Rs.,8.9,1799,10% off,Indianwear-Women
2882,ethnic oxidized jhumki drop earrings,Nan,Rs.,998,299,70% off,Jewellery-Women
2954,pink dual polka dot side bow adjustable hairband and hair clips bobby pins 3 pcs,Nan,Rs.,0.8,598,10% off,Jewellery-Women
3775,pu tie up womens casual wedge sandals - black,"Size:4,5,6,7,8,9",Rs.,2395,1119,53% off,Footwear-Women
1213,solid polyester v neck womens straight top - gold,"Size:8,10,12,14,16,18",Rs.,2099,1679,20% off,Westernwear-Women
479,checks regular polyester womens formal wear pants - dark green,"Size:26,28,30,32,34",Rs.,2299,1379,40% off,Westernwear-Women
4380,womens audrey white dial stainless steel analogue watch - ncco14503360w,Nan,Rs.,20995,14696,30% off,Watches-Women
1306,womens stripes casual wear jumpsuit - natural,Size:18,Rs.,3499,1399,60% off,Westernwear-Women
1740,floral square neck viscose womens casual dress - pink,Size:8,Rs.,1799,899,50% off,Westernwear-Women
1728,floral v neck womens regular fit midi dress - multi,"Size:8,10,12,14,18",Rs.,2999,1499,50% off,Westernwear-Women
4439,solid poly spandex v neck womens dress - wine,"Size:Large,Medium,Small,X-Large,X-Small",Rs.,2590,1813,30% off,Westernwear-Women
4170,leather slipon womens casual ballerinas - black,"Size:4,5,6,7,8",Rs.,4999,2499,50% off,Footwear-Women
235,printed cotton round neck womens t-shirt - white,"Size:Large,Small,X-Large,X-Small",Rs.,1399,979,30% off,Westernwear-Women
1791,womens fit and flare v neck slub shirt asymmetrical dress - powder blue,"Size:8,10,14,16",Rs.,3299,1649,50% off,Westernwear-Women
2053,shibori silk fusion wear womens saree - maroon,Nan,Rs.,0,4900,10% off,Indianwear-Women
3778,fabric buckle womens work wear pumps - brown,"Size:6,7,8,9",Rs.,2495,1247,50% off,Footwear-Women
4354,womens cotton rich non-padded non-wired bra with mesh inserts - grey,"Size:32-B,32-C,34-B,34-C",Rs.,599,299,50% off,Lingerie&Nightwear-Women
1038,womens printed padded non wired push up bra - midnight,"Size:32-C,36-B,36-C,36-D",Rs.,1045,731,30% off,Lingerie&Nightwear-Women
699,solid polyester womens casual jacket - grey,"Size:X-Large,XX-Large",Rs.,5499,3299,40% off,Westernwear-Women
283,solid crew neck polyester womens t-shirt - green,"Size:Large,Medium,Small,X-Large,X-Small",Rs.,2299,1609,30% off,Westernwear-Women
2255,printed polyester v neck womens straight kurta - blue,"Size:Large,Medium,Small,X-Small",Rs.,999,699,30% off,Indianwear-Women
4357,womens cotton rich non-padded non-wired bra - white,"Size:32-B,32-C,32-D,34-B,34-C,34-D,36-B,36-C,36-D",Rs.,599,359,40% off,Lingerie&Nightwear-Women
4244,womens lace babydoll - black,"Size:Large,Medium,Small,X-Large",Rs.,999,399,60% off,Lingerie&Nightwear-Women
25,womens tie up neck embroidered top - black,"Size:Large,Medium,Small,X-Large,XX-Large,XXX-Large",Rs.,1978.9,1799,10% off,Westernwear-Women
560,solid polyester regular fit womens trousers - black,"Size:26,28,30,32,34,36",Rs.,1999,1599,20% off,Westernwear-Women
670,solid polyester regular fit womens blazer - black,"Size:Large,Medium,Small,X-Large,X-Small,XX-Large",Rs.,3999,3199,20% off,Westernwear-Women
3555,womens 212 vip sport collector edition eau de parfum 80 ml,Nan,Rs.,6700,5025,25% off,Fragrance-Women
1979,delicious dive body mist - pomegranate - 200 ml,Nan,Rs.,595,476,20% off,Fragrance-Women
3938,pu slipon womens casual wear flat sandals - gunmetal,Size:6,Rs.,2395,1119,53% off,Footwear-Women
986,womens solid non padded non wired full coverage bra - natural,"Size:34-B,34-C,34-D,36-B,36-C,36-D,38-B,38-C,38-D",Rs.,695,556,20% off,Lingerie&Nightwear-Women
780,printed cotton regular neck womens top and shorts - royal blue,"Size:Large,Medium,Small,X-Large,XX-Large",Rs.,1299,649,50% off,Westernwear-Women
1134,lace rayon womens kurta - green,"Size:Large,Medium,Small,XX-Large",Rs.,1299,649,50% off,Indianwear-Women
473,solid polyester regular fit womens trousers - black,"Size:26,28,30,32,34,36",Rs.,1999,1599,20% off,Westernwear-Women
3777,pu velcro womens casual flats - brown,"Size:4,5,6,7,8,9",Rs.,2895,1447,50% off,Footwear-Women
973,womens solid padded wired t-shirt bra - black,"Size:32-B,32-C,34-B,34-C,34-D,36-B,36-C,36-D,38-B,38-C",Rs.,1045,627,40% off,Lingerie&Nightwear-Women
1113,a-line rayon womens kurta - cream,"Size:Large,X-Large",Rs.,999,499,50% off,Indianwear-Women
4003,pu slip on womens casual sandals - natural,"Size:35,36,37,38,39",Rs.,2199,1319,40% off,Footwear-Women
3479,womens knit regular fit dresses - navy,"Size:Medium,Small,X-Large",Rs.,8.9,1399,10% off,Westernwear-Women
183,regular fit cotton womens active wear tights - black,"Size:Small,X-Small",Rs.,1599,799,50% off,Westernwear-Women
1770,solid polyester v neck womens bodycon top - black,"Size:8,10,18",Rs.,1399,979,30% off,Westernwear-Women
2303,dyed cotton mandarin womens a line kurta - black,"Size:Large,Medium,Small,X-Small,XX-Large",Rs.,8.9,2599,10% off,Indianwear-Women
1493,floral polyester round neck womens fit and flare top - multi,Size:8,Rs.,1899,949,50% off,Westernwear-Women
